Year ,site,crops_practices,GrainC1,LeafC1,StemC1,RootC1,GrainC2,LeafC2,StemC2,RootC2,GrainC3,LeafC3,StemC3,RootC3,%SOC_10cm,%SOC_20cm,%SOC_30cm,%SOC_40cm,%SOC_50cm,kgSOC_10cm,kgSOC_20cm,kgSOC_30cm,kgSOC_40cm,kgSOC_50cm,IniSOC     ,End_SOC    ,dSOC       ,GWP,CO2_GWP,CH4_GWP,N2O_GWP,ShootLitterC_input,RootLitterC_input,ManureC_input,RootExudation_DOC,Soil-CO2,Leach_C    ,Runoff_C   ,CH4,IniSON     ,IniSIN     ,EndSON     ,EndSIN     ,dSN        ,Atmo_N_input,Fertilizer_N_input,Manure_N_input,Litter_N_input,N_fixation ,Crop_N_uptake,Leach_NO3,Runoff_SON ,Leach_DON  ,N2O_flux,NO_flux    ,N2_flux,NH3_flux,exchengeable-NH4,PET        ,Transpiration,Evaporation,WaterLeach ,Runoff     ,Irrigation ,Precipitation,DeepWater  ,MeanT      ,WindSpeed  ,ColdStress ,WaterStress,N_Stress   ,Cut_CropC  ,yr_end_grain,yr_end_leaf,yr_end_stem,yr_end_root,yr_end_stub
1,sd,organic,0,1081.64,1081.64,865.31,0,0,0,0,0,0,0,0,0.0138,0.0074,0.0022,0.0006,0.0002,15842.18,8558.94,2502.64,735.44,265.3,27021.44,27904.49,883.05,-3219.53886,-3232.032342,0,12.49348178,930.34,24.84,312.3,87.58,471.94,0.06,0,0,2677.82,1.21,2699.44,7.7,28.11,0,0,14.67,29.14,22.94,31.26,0.04,0,0,0.03,0.01,0.06,4.78,3.08,1288.66,52.47,518.44,0,0,0,539.8,20.87,14.35,2,1,0.19,0.47,0,0,279.8,279.8,694.5,0
2,sd,organic,0,1098.25,1098.25,878.6,0,0,0,0,0,0,0,0,0.0141,0.0074,0.0022,0.0006,0.0002,16260.93,8521.39,2490.39,732.57,268.73,27904.49,28274.02,369.52,-1256.688857,-1352.472217,0,95.78336033,819.66,72.52,691.56,229.54,1443.6,0.11,0,0,2699.44,7.7,2728.96,8.86,30.68,0,0,32.47,31.65,21.23,36.03,0.17,0,0,0.23,0.01,0.35,10.74,3.45,1288.58,60.22,442.23,0,0,0,539.8,0.09,14.35,2,1,0.18,0.49,0,0,222.68,222.68,1118.16,0
3,sd,organic,0,1052.55,1052.55,842.04,0,0,0,0,0,0,0,0,0.0144,0.0074,0.0022,0.0006,0.0002,16538.89,8482.46,2477.01,728.03,268.47,28274.02,28494.85,220.84,-662.534454,-808.2917415,0,145.7572875,721.32,100.05,657.69,307.85,1565.97,0.11,0,0,2728.96,8.86,2752.85,9.35,24.37,0,0,30.87,32.12,19.68,35.88,0.19,0,0,0.35,0.02,0.51,11.48,3.47,1288.62,59.73,427.38,0,0,0,539.8,0.09,14.35,2,1,0.17,0.49,0,0,205.54,205.54,1333.58,0
4,sd,organic,0,1062.63,1062.63,850.1,0,0,0,0,0,0,0,0,0.0146,0.0073,0.0021,0.0006,0.0002,16814.94,8444.36,2463.98,723.49,267.72,28494.85,28714.5,219.65,-604.0405395,-803.9362481,0,199.8957086,721.82,114.83,647.4,350.69,1615.03,0.12,0,0,2752.85,9.35,2774.45,9.81,22.07,0,0,30.37,33.86,19.65,36.65,0.21,0,0,0.48,0.02,0.71,12.46,3.47,1288.61,60.76,426.14,0,0,0,539.8,0.09,14.35,2,1,0.16,0.5,0,0,209.33,209.33,1464.83,0
5,sd,organic,0,1074.68,1074.68,859.74,0,0,0,0,0,0,0,0,0.0148,0.0073,0.0021,0.0006,0.0002,17080.94,8406.97,2451.32,719.05,266.65,28714.5,28924.92,210.42,-520.2840876,-770.1537233,0,249.8696357,739.53,123.97,649.68,377.31,1679.94,0.12,0,0,2774.45,9.81,2794.76,10.25,20.75,0,0,30.47,35.43,19.69,37.43,0.23,0,0,0.6,0.02,0.88,13.48,3.46,1288.6,61.8,424.43,0,0,0,539.8,0.09,14.35,2,1,0.16,0.5,0,0,213.87,213.87,1548.65,0
6,sd,organic,0,1088.42,1088.42,870.73,0,0,0,0,0,0,0,0,0.0151,0.0073,0.0021,0.0006,0.0002,17336.65,8370.28,2439.01,714.73,265.49,28924.92,29126.16,201.24,-432.5461456,-736.5542024,0,304.0080568,759.86,129.95,652.4,394.88,1735.72,0.12,0,0,2794.76,10.25,2813.96,10.68,19.63,0,0,30.59,36.69,19.8,38.18,0.25,0,0,0.73,0.02,1.06,14.42,3.46,1288.59,62.8,423.4,0,0,0,539.8,0.09,14.35,2,1,0.16,0.5,0,0,219.03,219.03,1606.12,0
7,sd,organic,0,1102.02,1102.02,881.61,0,0,0,0,0,0,0,0,0.0153,0.0072,0.0021,0.0006,0.0002,17582.08,8334.23,2427.02,710.53,264.3,29126.16,29318.16,192,-348.753093,-702.7350769,0,353.9819839,780.47,134.14,655.5,407.29,1785.33,0.13,0,0,2813.96,10.68,2832.17,11.08,18.62,0,0,30.72,37.75,19.9,38.93,0.27,0,0,0.85,0.03,1.23,15.27,3.45,1288.58,63.77,422.26,0,0,0,539.8,0.09,14.35,2,1,0.16,0.5,0,0,224.15,224.15,1648.26,0
8,sd,organic,0,1116.6,1116.6,893.28,0,0,0,0,0,0,0,0,0.0155,0.0072,0.0021,0.0006,0.0002,17819.09,8298.77,2415.3,706.42,263.1,29318.16,29502.68,184.52,-271.4017784,-675.3576895,0,403.9559111,802.28,137.33,658.58,416.8,1830.32,0.13,0,0,2832.17,11.08,2849.52,11.47,17.74,0,0,30.85,38.72,20.04,39.69,0.29,0,0,0.97,0.03,1.39,16.01,3.44,1288.57,64.75,421.34,0,0,0,539.8,0.09,14.35,2,1,0.16,0.5,0,0,229.64,229.64,1682.16,0
9,sd,organic,0,1131.99,1131.99,905.59,0,0,0,0,0,0,0,0,0.0157,0.0072,0.0021,0.0006,0.0002,18049.21,8263.9,2403.84,702.42,261.93,29502.68,29681.3,178.62,-203.9978819,-653.7632262,0,449.7653443,825.34,139.98,661.87,424.82,1873.28,0.13,0,0,2849.52,11.47,2866.19,11.84,17.04,0,0,31,39.66,20.21,40.42,0.31,0,0,1.08,0.03,1.56,16.68,3.43,1288.56,65.7,420.76,0,0,0,539.8,0.09,14.35,2,1,0.17,0.5,0,0,235.42,235.42,1711.82,0
10,sd,organic,0,1144.53,1144.53,915.63,0,0,0,0,0,0,0,0,0.0159,0.0072,0.0021,0.0006,0.0002,18269.97,8229.5,2392.59,698.5,260.74,29681.3,29851.3,170,-122.4740779,-622.2133493,0,499.7392714,845.06,142.27,665.35,431.71,1914.23,0.13,0,0,2866.19,11.84,2882.14,12.2,16.31,0,0,31.15,40.47,20.32,41.08,0.33,0,0,1.2,0.03,1.72,17.3,3.42,1288.55,66.51,419.83,0,0,0,539.8,0.09,14.35,2,1,0.17,0.5,0,0,240.14,240.14,1737.16,0
11,sd,organic,0,1156.38,1156.38,925.1,0,0,0,0,0,0,0,0,0.0161,0.0071,0.0021,0.0006,0.0002,18482.64,8195.6,2381.55,694.66,259.55,29851.3,30013.99,162.69,-49.90947063,-595.4581753,0,545.5487047,863.18,144.26,668.19,437.71,1950.5,0.14,0,0,2882.14,12.2,2897.41,12.55,15.62,0,0,31.27,41.19,20.42,41.71,0.35,0,0,1.31,0.03,1.87,17.84,3.41,1288.54,67.26,418.93,0,0,0,539.8,0.09,14.35,2,1,0.17,0.5,0,0,244.59,244.59,1759.55,0
12,sd,organic,0,1167.82,1167.82,934.26,0,0,0,0,0,0,0,0,0.0162,0.0071,0.0021,0.0006,0.0001,18688.17,8162.14,2370.68,690.88,258.38,30013.99,30170.26,156.27,19.39766663,-571.9604712,0,591.3581378,880.68,146.04,670.82,443.12,1984.23,0.14,0,0,2897.41,12.55,2912.09,12.88,15.01,0,0,31.38,41.87,20.53,42.28,0.37,0,0,1.42,0.03,2.02,18.33,3.4,1288.53,67.93,418.3,0,0,0,539.8,0.09,14.35,2,1,0.17,0.5,0,0,248.88,248.88,1779.97,0
13,sd,organic,0,1178.28,1178.28,942.63,0,0,0,0,0,0,0,0,0.0164,0.0071,0.0021,0.0006,0.0001,18886.91,8129.1,2359.99,687.16,257.21,30170.26,30320.38,150.12,87.71658285,-549.4509882,0,637.1675711,896.88,147.66,673.36,448.02,2015.65,0.14,0,0,2912.09,12.88,2926.19,13.19,14.41,0,0,31.49,42.5,20.62,42.83,0.39,0,0,1.53,0.03,2.17,18.78,3.39,1288.52,68.55,417.55,0,0,0,539.8,0.09,14.35,2,1,0.17,0.51,0,0,252.82,252.82,1798.62,0
14,sd,organic,0,1190.28,1190.28,952.22,0,0,0,0,0,0,0,0,0.0166,0.007,0.002,0.0006,0.0001,19081.62,8096.49,2349.43,683.51,256.06,30320.38,30467.1,146.73,141.7691883,-537.043322,0,678.8125103,914.72,149.2,675.67,452.71,2045.42,0.14,0,0,2926.19,13.19,2939.81,13.49,13.93,0,0,31.59,43.16,20.75,43.4,0.41,0,0,1.63,0.04,2.31,19.18,3.38,1288.51,69.21,416.99,0,0,0,539.8,0.09,14.35,2,1,0.17,0.51,0,0,257.33,257.33,1817.23,0
15,sd,organic,0,1200.1,1200.1,960.08,0,0,0,0,0,0,0,0,0.0168,0.007,0.002,0.0006,0.0001,19269.84,8064.24,2339.01,679.9,254.96,30467.1,30607.95,140.85,204.9353894,-515.5220603,0,720.4574497,930.27,150.68,678.33,457.24,2075.5,0.14,0,0,2939.81,13.49,2953.01,13.78,13.48,0,0,31.7,43.76,20.85,43.88,0.43,0,0,1.73,0.04,2.44,19.55,3.37,1288.5,69.72,416.45,0,0,0,539.8,0.09,14.35,2,1,0.17,0.51,0,0,261.02,261.02,1834.41,0
16,sd,organic,0,1209.59,1209.59,967.67,0,0,0,0,0,0,0,0,0.0169,0.007,0.002,0.0006,0.0001,19453.11,8032.37,2328.73,676.34,253.84,30607.95,30744.38,136.43,258.5933818,-499.3445132,0,757.937895,944.81,152.06,680.5,461.42,2102.22,0.14,0,0,2953.01,13.78,2965.77,14.05,13.03,0,0,31.79,44.31,20.94,44.36,0.45,0,0,1.82,0.04,2.56,19.88,3.36,1288.49,70.23,415.66,0,0,0,539.8,0.09,14.35,2,1,0.17,0.51,0,0,264.59,264.59,1850.55,0
17,sd,organic,0,1221.31,1221.31,977.05,0,0,0,0,0,0,0,0,0.0171,0.007,0.002,0.0006,0.0001,19721.69,8001.33,2318.62,672.84,252.75,30744.38,30967.22,222.84,-28.5225461,-815.6118986,0,787.0893525,1142.02,153.43,548.76,465.61,2086.81,0.14,0,0,2965.77,14.05,2979.65,13.38,13.21,0,0,25.63,49.96,21.08,44.88,0.41,0,0,1.89,0.04,2.68,18.55,3.33,1288.42,70.8,415.45,0,0,0,539.8,0.09,14.35,2,1,0.17,0.51,0,0,323.3,323.3,1867.52,0
18,sd,organic,0,1239.47,1239.47,991.58,0,0,0,0,0,0,0,0,0.0173,0.0069,0.002,0.0006,0.0001,19869.91,7969.58,2308.44,669.34,251.01,30967.23,31068.29,101.06,396.379347,-369.8875358,0,766.2668828,1028.8,155,716.6,470.4,2269.57,0.15,0,0,2979.65,13.38,2994.15,14.55,15.67,0,0,33.46,46.96,21.41,45.48,0.48,0,0,1.84,0.04,2.56,20.59,3.36,1288.47,71.48,412.35,0,0,0,539.8,0.09,14.35,2,1,0.17,0.51,0,0,275.83,275.83,1889.2,0
19,sd,organic,0,1256.07,1256.07,1004.86,0,0,0,0,0,0,0,0,0.0174,0.0069,0.002,0.0006,0.0001,20044.47,7938.38,2298.48,665.91,250.38,31068.28,31197.62,129.34,392.8201807,-473.3945565,0,866.2147372,1013.65,156.85,689.22,476.32,2206.53,0.15,0,0,2994.15,14.55,3006.5,14.84,12.64,0,0,32.17,46.74,21.61,46.25,0.5,0,0,2.08,0.04,2.9,20.75,3.34,1288.45,72.43,415.42,0,0,0,539.8,0.09,14.35,2,1,0.17,0.51,0,0,282.06,282.06,1912.57,0
20,sd,organic,0,1257.97,1257.97,1006.37,0,0,0,0,0,0,0,0,0.0176,0.0069,0.002,0.0006,0.0001,20211.35,7907.58,2288.6,662.5,249.36,31197.63,31319.39,121.77,464.7964083,-445.687762,-1.54,912.0241703,1020.6,158.47,692.86,480.92,2230.91,0.15,0,-0.01,3006.5,14.84,3018.43,15.09,12.18,0,0,32.33,47.11,21.55,46.48,0.52,0,0,2.19,0.04,3.05,21.03,3.33,1288.45,72.54,413.62,0,0,0,539.8,0.09,14.35,2,1,0.17,0.51,0,0,282.79,282.79,1927.33,0
1,sd,compost,0,1133.97,1133.97,907.17,0,0,0,0,0,0,0,0,0.0139,0.0074,0.0022,0.0006,0.0002,16037.48,8558.56,2502.78,735.6,265.64,27021.44,28100.06,1078.62,-3114.935113,-3947.833899,0,832.8987855,995.65,26.06,626.3,93.13,662.45,0.07,0,0,2677.82,1.21,2709.99,8.16,39.12,0,0,35.6,31.12,22.94,35.15,0.15,0,0,2,0.01,2.95,8.83,3.15,1288.62,59.01,512.45,0,0,0,539.8,19.49,14.35,2,1,0.19,0.48,0,0,299.47,299.47,728.63,0
2,sd,compost,0,1108.14,1108.14,886.51,0,0,0,0,0,0,0,0,0.0143,0.0074,0.0022,0.0006,0.0002,16401.93,8520.17,2490.42,732.62,268.31,28100.06,28413.45,313.39,-1009.603709,-1147.032009,0,137.4282997,846.87,75.05,702.91,236.99,1548.27,0.12,0,0,2709.99,8.16,2740.27,8.95,31.07,0,0,33,32.71,21.36,36.49,0.18,0,0,0.33,0.02,0.49,11.11,3.47,1288.58,61,438.31,0,0,0,539.8,0.06,14.35,2,1,0.18,0.49,0,0,226.4,226.4,1144.37,0
3,sd,compost,0,1068.54,1068.54,854.84,0,0,0,0,0,0,0,0,0.0145,0.0074,0.0022,0.0006,0.0002,16673.54,8480.91,2477.02,728.07,268.3,28413.45,28627.83,214.39,-634.7624536,-784.684235,0,149.9217814,743.92,102.19,659.93,314.5,1606.04,0.12,0,0,2740.27,8.95,2764.28,9.47,24.54,0,0,30.97,33.01,19.96,36.47,0.2,0,0,0.36,0.02,0.54,11.75,3.48,1288.61,60.71,428.09,0,0,0,539.8,0.06,14.35,2,1,0.17,0.49,0,0,211.55,211.55,1359.17,0
4,sd,compost,0,1125.44,1125.44,900.35,0,0,0,0,0,0,0,0,0.0149,0.0073,0.0021,0.0006,0.0002,17136.24,8441.26,2463.93,723.53,266.77,28627.84,29031.73,403.89,-528.7645005,-1478.269116,0,949.5046155,804.4,118.02,965.01,361.6,1845.04,0.13,0,0,2764.28,9.47,2796.36,10.53,33.13,0,0,51.48,36.56,19.85,40.88,0.38,0,0,2.28,0.03,3.32,17.37,3.52,1288.56,67.78,414.92,0,0,0,539.8,0.06,14.35,2,1,0.17,0.5,0,0,232.97,232.97,1520.61,0
5,sd,compost,0,1107.1,1107.1,885.68,0,0,0,0,0,0,0,0,0.0151,0.0073,0.0021,0.0006,0.0002,17361.83,8402.98,2451.26,719.08,265.84,29031.73,29200.99,169.26,-307.1678465,-619.5048912,0,312.3370447,796.65,128.49,663.88,391.25,1810.88,0.13,0,0,2796.36,10.53,2817.76,10.5,21.37,0,0,31.14,37.57,20.24,38.67,0.25,0,0,0.75,0.02,1.09,14.14,3.48,1288.58,63.85,423.88,0,0,0,539.8,0.06,14.35,2,1,0.17,0.5,0,0,226.05,226.05,1602.08,0
6,sd,compost,0,1110.37,1110.37,888.3,0,0,0,0,0,0,0,0,0.0153,0.0073,0.0021,0.0006,0.0002,17599.79,8365.91,2438.94,714.74,265.01,29200.99,29384.4,183.41,-346.4644759,-671.2950023,0,324.8305264,795.86,134.07,659.72,407.41,1813.5,0.13,0,0,2817.76,10.5,2837.03,10.99,19.76,0,0,30.93,38.19,20.12,39.11,0.27,0,0,0.78,0.02,1.13,14.98,3.46,1288.57,64.32,423.41,0,0,0,539.8,0.06,14.35,2,1,0.17,0.5,0,0,227.28,227.28,1651.36,0
7,sd,compost,0,1117.36,1117.36,893.89,0,0,0,0,0,0,0,0,0.0155,0.0072,0.0021,0.0006,0.0002,17832.55,8329.71,2426.94,710.53,263.87,29384.39,29563.6,179.21,-268.6247372,-655.9226725,0,387.2979353,805.43,137.56,660.46,417.54,1841.67,0.13,0,0,2837.03,10.99,2854.9,11.41,18.29,0,0,30.95,38.85,20.08,39.68,0.29,0,0,0.93,0.03,1.34,15.81,3.45,1288.57,65.01,421.76,0,0,0,539.8,0.06,14.35,2,1,0.17,0.5,0,0,229.92,229.92,1684.45,0
8,sd,compost,0,1186.09,1186.09,948.87,0,0,0,0,0,0,0,0,0.0159,0.0072,0.0021,0.0006,0.0002,18260.09,8292.98,2415.15,706.44,261.83,29563.6,29936.48,372.88,-152.902348,-1364.770081,0,1211.867733,893.01,141.39,976.05,430.3,2067.74,0.14,0,0,2854.9,11.41,2882.59,12.39,28.67,0,0,51.95,41.74,20.25,44.37,0.5,0,0,2.91,0.03,4.21,20.48,3.48,1288.51,72.39,409.87,0,0,0,539.8,0.06,14.35,2,1,0.17,0.51,0,0,255.78,255.78,1748.43,0
9,sd,compost,0,1167.63,1167.63,934.1,0,0,0,0,0,0,0,0,0.016,0.0072,0.0021,0.0006,0.0002,18445.3,8257.28,2403.66,702.42,260.9,29936.48,30069.56,133.08,54.30096062,-487.0832501,0,541.3842107,888.64,145.28,677.42,441.07,2019.22,0.14,0,0,2882.59,12.39,2900,12.27,17.3,0,0,31.73,42.06,20.73,41.96,0.35,0,0,1.3,0.03,1.85,17.46,3.44,1288.53,68.19,419.56,0,0,0,539.8,0.06,14.35,2,1,0.17,0.5,0,0,248.8,248.8,1773.41,0
10,sd,compost,0,1167.28,1167.28,933.83,0,0,0,0,0,0,0,0,0.0162,0.0071,0.0021,0.0006,0.0002,18642.04,8222.56,2392.4,698.48,259.94,30069.56,30215.41,145.85,11.72625177,-533.8224529,0,545.5487047,883.08,146.96,673.31,445.83,2003.18,0.14,0,0,2900,12.27,2915.61,12.69,16.03,0,0,31.52,42.08,20.59,42.18,0.36,0,0,1.31,0.03,1.87,17.97,3.43,1288.53,68.3,418.85,0,0,0,539.8,0.06,14.35,2,1,0.17,0.5,0,0,248.69,248.69,1787.65,0
11,sd,compost,0,1171.38,1171.38,937.1,0,0,0,0,0,0,0,0,0.0164,0.0071,0.0021,0.0006,0.0002,18835.98,8188.54,2381.33,694.63,258.87,30215.42,30359.35,143.94,77.01991677,-526.8317029,0,603.8516197,888.11,148.02,673.24,448.97,2014.24,0.14,0,0,2915.61,12.69,2930.11,13.05,14.85,0,0,31.51,42.33,20.53,42.58,0.38,0,0,1.45,0.03,2.06,18.49,3.41,1288.52,68.67,418.06,0,0,0,539.8,0.06,14.35,2,1,0.17,0.5,0,0,250.22,250.22,1798.55,0
12,sd,compost,0,1240.48,1240.48,992.39,0,0,0,0,0,0,0,0,0.0167,0.0071,0.0021,0.0006,0.0001,19231.6,8153.97,2370.33,690.87,256.92,30359.35,30703.69,344.34,193.0969418,-1260.311439,0,1453.408381,975.44,150.36,988.14,457.33,2226.79,0.15,0,0,2930.11,13.05,2954.84,13.97,25.65,0,0,52.47,45.04,20.69,47.27,0.62,0,0,3.49,0.04,5.01,22.48,3.44,1288.47,75.95,406.47,0,0,0,539.8,0.06,14.35,2,1,0.17,0.51,0,0,276.23,276.23,1849.95,0
13,sd,compost,0,1219.7,1219.7,975.76,0,0,0,0,0,0,0,0,0.0169,0.0071,0.0021,0.0006,0.0001,19386.82,8120.21,2359.57,687.14,256,30703.69,30809.74,106.05,357.2930854,-388.1513276,0,745.444413,968.54,153.35,689.46,465.48,2170.63,0.15,0,0,2954.84,13.97,2969.59,13.77,14.55,0,0,32.24,45.18,21.21,44.63,0.44,0,0,1.79,0.04,2.53,19.62,3.4,1288.48,71.44,416.35,0,0,0,539.8,0.06,14.35,2,1,0.17,0.51,0,0,268.39,268.39,1866.13,0
14,sd,compost,0,1218.63,1218.63,974.9,0,0,0,0,0,0,0,0,0.017,0.007,0.002,0.0006,0.0001,19556.88,8087.27,2348.99,683.47,255.17,30809.74,30931.78,122.03,302.9695248,-446.6393824,0,749.6089072,961.48,154.42,684.84,468.49,2147.03,0.15,0,0,2969.59,13.77,2982.8,14.12,13.57,0,0,32.02,45.09,21.1,44.75,0.45,0,0,1.8,0.04,2.53,19.93,3.39,1288.48,71.37,416.17,0,0,0,539.8,0.06,14.35,2,1,0.17,0.51,0,0,267.98,267.98,1874.79,0
15,sd,compost,0,1221.85,1221.85,977.48,0,0,0,0,0,0,0,0,0.0172,0.007,0.002,0.0006,0.0001,19727.56,8054.89,2338.56,679.85,254.12,30931.78,31054.97,123.2,344.496666,-450.9216743,0,795.4183403,965.17,155.08,684.6,470.41,2151.88,0.15,0,0,2982.8,14.12,2995.16,14.42,12.65,0,0,32,45.25,21.04,45.07,0.47,0,0,1.91,0.04,2.68,20.28,3.37,1288.48,71.61,415,0,0,0,539.8,0.06,14.35,2,1,0.17,0.51,0,0,269.21,269.21,1881.91,0
16,sd,compost,0,1289.84,1289.84,1031.87,0,0,0,0,0,0,0,0,0.0175,0.007,0.002,0.0006,0.0001,20101.85,8021.91,2328.11,676.3,252.26,31054.98,31380.44,325.46,477.2129083,-1191.209157,-1.54,1669.962065,1050.88,157.14,999.32,477.86,2359.6,0.16,0,-0.01,2995.16,14.42,3018.04,15.29,23.75,0,0,52.95,47.87,21.19,49.69,0.73,0,0,4.01,0.05,5.7,23.81,3.4,1288.43,78.66,403.93,0,0,0,539.8,0.06,14.35,2,1,0.17,0.51,0,0,294.79,294.79,1930.38,0
17,sd,compost,0,1267.93,1267.93,1014.35,0,0,0,0,0,0,0,0,0.0177,0.0069,0.002,0.0006,0.0001,20325.66,7990.2,2317.87,672.79,251.27,31380.44,31557.79,177.36,273.8261249,-649.1515273,-1.54,924.5176522,1222.65,159.9,566.37,485.36,2256.77,0.16,0,-0.01,3018.04,15.29,3032.55,14.06,13.27,0,0,26.45,52.98,21.73,46.93,0.47,0,0,2.22,0.04,3.12,19.46,3.34,1288.38,74.02,413.68,0,0,0,539.8,0.06,14.35,2,1,0.17,0.51,0,0,340.83,340.83,1944.14,0
18,sd,compost,0,1271.52,1271.52,1017.22,0,0,0,0,0,0,0,0,0.0178,0.0069,0.002,0.0006,0.0001,20447.16,7958.12,2307.62,669.29,249.84,31557.79,31632.02,74.22,583.1547214,-271.6510281,-3.08,857.8857495,1082.5,160.92,726.52,488.3,2383.85,0.16,0,-0.02,3032.55,14.06,3046.56,15.31,15.27,0,0,33.92,49.16,21.8,47.02,0.53,0,0,2.06,0.05,2.84,21.37,3.36,1288.44,73.9,411.48,0,0,0,539.8,0.06,14.35,2,1,0.17,0.51,0,0,287.88,287.88,1954.44,0
19,sd,compost,0,1282.95,1282.95,1026.36,0,0,0,0,0,0,0,0,0.0179,0.0069,0.002,0.0006,0.0001,20604.21,7926.81,2297.6,665.84,249.24,31632.02,31743.69,111.67,554.3616228,-408.7209689,-3.08,966.1625917,1056.22,161.88,696.22,491.44,2293.92,0.16,0,-0.02,3046.56,15.31,3058.04,15.61,11.77,0,0,32.5,48.52,21.88,47.66,0.55,0,0,2.32,0.05,3.2,21.52,3.34,1288.43,74.64,414.16,0,0,0,539.8,0.06,14.35,2,1,0.17,0.51,0,0,292.16,292.16,1967.85,0
20,sd,compost,0,1338.95,1338.95,1071.16,0,0,0,0,0,0,0,0,0.0182,0.0069,0.002,0.0006,0.0001,20957.08,7894.95,2287.54,662.45,247.4,31743.69,32049.41,305.72,746.2785672,-1118.959207,-4.62,1869.857774,1129.28,164.09,1012.69,498.97,2499.17,0.16,0,-0.03,3058.04,15.61,3079.93,16.47,22.75,0,0,53.53,50.8,21.77,51.93,0.83,0,0,4.49,0.05,6.32,24.8,3.36,1288.39,81.04,401.91,0,0,0,539.8,0.06,14.35,2,1,0.17,0.52,0,0,313.25,313.25,2012.15,0
1,sd,compost_trees,0,834.69,834.69,667.75,107.14,96.3,96.3,160.5,0,0,0,0,0.0137,0.0074,0.0022,0.0006,0.0002,15702.99,8562.13,2507.28,739.44,269.33,27021.44,27781.17,759.73,-1647.92911,-2780.671458,0,1132.742348,507.94,19.08,782.45,110.02,659.71,0.05,0,0,2677.82,1.21,2700.52,4.33,25.82,0,0,42.29,16.56,16.18,33.44,0.14,0,0,2.72,0.01,4.01,8.12,2.36,1288.81,224.26,376.64,0,0,0,539.8,0.09,14.35,2,1,0.15,0.49,0,107.14,248.64,248.64,693.88,0
2,sd,compost_trees,0,423.59,423.59,338.87,124.12,98.13,98.13,163.55,0,0,0,0,0.0138,0.0074,0.0022,0.0006,0.0002,15867.18,8529.85,2499.18,740.08,274.62,27781.17,27910.91,129.74,-391.5687093,-474.8585879,0,83.28987855,288.59,45.88,936.89,241.15,1382.68,0.06,0,0,2700.52,4.33,2720.77,3.96,19.89,0,0,40.57,13.55,7.22,23.53,0.11,0,0,0.2,0.01,0.3,12.78,2.34,1289,155.59,306.5,0,0,0,539.8,0.09,14.35,2,1,0.07,0.51,0,222.74,252.95,252.95,908.63,0
3,sd,compost_trees,0,416.69,416.69,333.35,122.14,110.32,110.32,183.86,0,0,0,0,0.014,0.0074,0.0022,0.0006,0.0002,16128.67,8497.66,2490.08,739.1,276.84,27910.91,28132.34,221.43,-752.1482729,-810.4511879,0,58.302915,320.19,49.18,936.89,318.93,1403.7,0.06,0,0,2720.77,3.96,2739.57,4.32,19.16,0,0,40.18,14.82,7.11,24.12,0.11,0,0,0.14,0.01,0.21,13.52,2.37,1288.98,158.38,307.78,0,0,0,539.8,0.09,14.35,2,1,0.06,0.52,0,330.18,368.04,368.04,1117.57,0
4,sd,compost_trees,0,469.04,469.04,375.23,127.46,141.44,141.44,235.73,0,0,0,0,0.0144,0.0074,0.0022,0.0006,0.0002,16576.54,8464.65,2481.01,738.3,279.2,28132.34,28539.71,407.37,-678.9298732,-1491.006189,0,812.0763158,445.18,52.09,1250.89,413.05,1753.8,0.07,0,0,2739.57,4.32,2768.95,5.08,30.13,0,0,60.92,18.67,7.23,30.93,0.38,0,0,1.95,0.02,2.86,16.55,2.45,1288.92,166.65,298.91,0,0,0,539.8,0.09,14.35,2,1,0.07,0.53,0,442.75,524.44,524.44,1401.9,0
5,sd,compost_trees,0,436.75,436.75,349.4,127.85,120.2,120.2,200.34,0,0,0,0,0.0146,0.0073,0.0021,0.0006,0.0002,16799.08,8432.32,2472.12,737.01,280.67,28539.71,28721.2,181.49,-535.1683398,-664.2676516,0,129.0993118,495.77,54.63,936.89,501.92,1807.64,0.07,0,0,2768.95,5.08,2788.63,4.92,19.52,0,0,39.71,20.39,7.24,26.45,0.15,0,0,0.31,0.02,0.47,15.05,2.42,1288.93,163.72,302.3,0,0,0,539.8,0.09,14.35,2,1,0.07,0.52,0,556.32,632.88,632.88,1609.27,0
6,sd,compost_trees,0,449.49,449.49,359.59,128.36,119.73,119.73,199.54,0,0,0,0,0.0148,0.0073,0.0021,0.0006,0.0002,17051.45,8400.64,2463.39,735.6,281.86,28721.2,28932.95,211.75,-641.757822,-775.0216277,0,133.2638057,542.64,55.41,936.89,581.82,1904.95,0.08,0,0,2788.63,4.92,2807.72,5.25,19.42,0,0,39.63,21.79,7.33,27.17,0.16,0,0,0.32,0.02,0.47,15.74,2.44,1288.91,164.21,301.7,0,0,0,539.8,0.09,14.35,2,1,0.07,0.53,0,669.99,749.48,749.48,1821.43,0
7,sd,compost_trees,0,457.16,457.16,365.72,128.85,122.81,122.81,204.68,0,0,0,0,0.015,0.0073,0.0021,0.0006,0.0002,17302.32,8369.35,2454.75,734.15,282.91,28932.95,29143.48,210.54,-599.8486816,-770.5929327,0,170.7442511,590.54,56.44,936.89,663.52,2036.79,0.08,0,0,2807.72,5.25,2826.52,5.55,19.1,0,0,39.57,23.25,7.37,27.95,0.17,0,0,0.41,0.02,0.59,16.4,2.45,1288.9,164.08,301.49,0,0,0,539.8,0.09,14.35,2,1,0.07,0.53,0,783.99,866.64,866.64,2038.38,0
8,sd,compost_trees,0,496.49,496.49,397.19,129.97,160.34,160.34,267.24,0,0,0,0,0.0154,0.0072,0.0021,0.0006,0.0002,17714,8337.56,2445.95,732.99,284.32,29143.48,29514.82,371.34,-434.6159078,-1359.13356,0,924.5176522,665.48,58.19,1250.89,764.47,2367.58,0.09,0,0,2826.52,5.55,2854.9,6.36,29.18,0,0,60.4,25.54,7.41,34.12,0.44,0,0,2.22,0.03,3.22,19.56,2.52,1288.86,171.05,292.88,0,0,0,539.8,0.09,14.35,2,1,0.07,0.54,0,898.99,1030.5,1030.5,2338.33,0
9,sd,compost_trees,0,483.47,483.47,386.78,130.34,130.69,130.69,217.81,0,0,0,0,0.0156,0.0072,0.0021,0.0006,0.0002,17916.81,8306.75,2437.59,731.5,285.15,29514.82,29677.8,162.97,-334.1198798,-596.4829973,0,262.3631175,698,60.1,936.89,861.02,2392.96,0.09,0,0,2854.9,6.36,2873.21,6.2,18.15,0,0,39.32,26.67,7.59,30.07,0.21,0,0,0.63,0.02,0.9,17.71,2.49,1288.86,170.25,296.44,0,0,0,539.8,0.09,14.35,2,1,0.07,0.53,0,1014.72,1147.69,1147.69,2566.36,0
10,sd,compost_trees,0,483.58,483.58,386.86,131.21,131.01,131.01,218.35,0,0,0,0,0.0158,0.0072,0.0021,0.0006,0.0002,18133.27,8276.48,2429.41,729.97,285.87,29677.79,29854.99,177.19,-386.1661964,-648.5293139,0,262.3631175,715.05,60.8,936.89,947.34,2482.79,0.09,0,0,2873.21,6.2,2890.47,6.51,17.56,0,0,39.25,27.22,7.49,30.42,0.22,0,0,0.63,0.03,0.9,18.24,2.5,1288.86,168.7,297.12,0,0,0,539.8,0.09,14.35,2,1,0.07,0.53,0,1131.19,1267.71,1267.71,2790.66,0
11,sd,compost_trees,0,489.75,489.75,391.8,131.83,133.74,133.74,222.91,0,0,0,0,0.016,0.0072,0.0021,0.0006,0.0002,18351.43,8246.65,2421.29,728.43,286.52,29854.98,30034.31,179.32,-364.8107062,-656.3252812,0,291.514575,740.17,61.34,936.89,1034.72,2593.71,0.09,0,0,2890.47,6.51,2907.07,6.77,16.87,0,0,39.2,27.98,7.52,31.09,0.23,0,0,0.7,0.03,1,18.76,2.5,1288.85,169.3,296.41,0,0,0,539.8,0.09,14.35,2,1,0.07,0.53,0,1248.18,1391.87,1391.87,3020.66,0
12,sd,compost_trees,0,526.24,526.24,420.99,133.43,178.53,178.53,297.55,0,0,0,0,0.0163,0.0071,0.0021,0.0006,0.0002,18732.13,8216.26,2412.82,727.17,287.54,30034.31,30375.92,341.61,-209.1959428,-1250.319425,0,1041.123482,800.24,62.69,1250.89,1144.46,2916.59,0.1,0,0,2907.07,6.77,2933.13,7.52,26.81,0,0,60.06,29.81,7.65,37.22,0.5,0,0,2.5,0.03,3.59,21.82,2.56,1288.82,175.84,289.13,0,0,0,539.8,0.09,14.35,2,1,0.07,0.54,0,1366.72,1570.74,1570.74,3346.5,0
13,sd,compost_trees,0,522.69,522.69,418.15,133.05,138.66,138.66,231.09,0,0,0,0,0.0164,0.0071,0.0021,0.0006,0.0002,18915.02,8186.88,2404.88,725.61,288.06,30375.92,30520.46,144.54,-141.7298147,-529.02775,0,387.2979353,831.39,64.52,936.89,1248.64,2936.8,0.1,0,0,2933.13,7.52,2949.43,7.33,16.11,0,0,39.02,30.88,7.89,33.09,0.26,0,0,0.93,0.03,1.3,19.75,2.52,1288.81,173.77,293.01,0,0,0,539.8,0.09,14.35,2,1,0.07,0.54,0,1485.19,1696.35,1696.35,3591.42,0
14,sd,compost_trees,0,498.81,498.81,399.05,133.66,149.22,149.22,248.69,0,0,0,0,0.0166,0.0071,0.0021,0.0006,0.0002,19086.31,8158.03,2397.17,724.1,288.61,30520.46,30654.2,133.74,-102.2009667,-489.498902,0,387.2979353,818.37,64.9,936.89,1342.78,3029.1,0.1,0,0,2949.43,7.33,2964.17,7.6,15,0,0,38.95,30.55,7.53,32.98,0.27,0,0,0.93,0.03,1.29,20.16,2.53,1288.83,173.85,292.23,0,0,0,539.8,0.09,14.35,2,1,0.07,0.54,0,1604.2,1825.1,1825.1,3832.32,0
15,sd,compost_trees,0,506.45,506.45,405.16,134,151.56,151.56,252.6,0,0,0,0,0.0168,0.0071,0.0021,0.0006,0.0002,19270.36,8129.63,2389.59,722.58,289.1,30654.21,30801.26,147.06,-121.8017551,-538.2511479,0,416.4493928,826.07,64.57,936.89,1439.28,3119.62,0.1,0,0,2964.17,7.6,2978.02,7.82,14.08,0,0,38.88,30.71,7.61,33.55,0.28,0,0,1,0.03,1.39,20.55,2.54,1288.82,173.09,292.9,0,0,0,539.8,0.09,14.35,2,1,0.07,0.54,0,1723.52,1965.59,1965.59,4085.32,0
16,sd,compost_trees,0,551.13,551.13,440.9,135.87,188.57,188.57,314.28,0,0,0,0,0.0171,0.007,0.0021,0.0006,0.0002,19629.52,8100.61,2381.31,721.25,289.84,30801.26,31122.54,321.28,-19.72071676,-1175.910029,-1.54,1157.729312,890.04,65.64,1250.89,1556.66,3441.83,0.11,0,-0.01,2978.02,7.82,3001.85,8.56,24.58,0,0,59.76,32.62,7.82,39.46,0.56,0,0,2.78,0.04,3.96,23.51,2.58,1288.78,180.11,285.83,0,0,0,539.8,0.09,14.35,2,1,0.07,0.55,0,1844.73,2155.83,2155.83,4428.71,0
17,sd,compost_trees,0,531.38,531.38,425.1,135.46,156,156,260,0,0,0,0,0.0172,0.007,0.0021,0.0006,0.0002,19774.91,8072.62,2373.7,719.73,290.25,31122.54,31231.21,108.67,112.9520199,-397.7407333,-1.54,512.2327532,903.65,67.17,936.89,1669.11,3468.07,0.11,0,-0.01,3001.85,8.56,3015.69,8.3,13.58,0,0,38.74,33.17,7.89,35.14,0.31,0,0,1.23,0.04,1.7,21.22,2.54,1288.79,176.29,290.2,0,0,0,539.8,0.09,14.35,2,1,0.07,0.54,0,1965.78,2292.4,2292.4,4693.07,0
18,sd,compost_trees,0,538,538,430.4,136.06,155.46,155.46,259.1,0,0,0,0,0.0173,0.007,0.0021,0.0006,0.0002,19945.18,8044.94,2366.31,718.19,290.61,31231.2,31365.23,134.03,14.42793458,-490.5603247,-3.08,508.0682593,910.35,67.64,936.89,1771.05,3551.79,0.11,0,-0.02,3015.69,8.3,3028.74,8.53,13.28,0,0,38.69,33.39,7.96,35.45,0.32,0,0,1.22,0.04,1.67,21.45,2.55,1288.79,176.33,290.34,0,0,0,539.8,0.09,14.35,2,1,0.07,0.54,0,2087.4,2435.78,2435.78,4958.92,0
19,sd,compost_trees,0,520.63,520.63,416.51,136.65,164.06,164.06,273.43,0,0,0,0,0.0175,0.007,0.0021,0.0006,0.0002,20095.49,8017.58,2358.93,716.68,290.98,31365.23,31479.66,114.44,115.2803304,-418.8593864,-3.08,537.2197168,902.47,67.68,936.89,1874.47,3666.98,0.11,0,-0.02,3028.74,8.53,3040.85,8.73,12.3,0,0,38.63,33.17,7.7,35.43,0.33,0,0,1.29,0.04,1.76,21.72,2.55,1288.8,176.28,289.61,0,0,0,539.8,0.09,14.35,2,1,0.07,0.54,0,2209.63,2579.99,2579.99,5224.33,0
20,sd,compost_trees,0,562.71,562.71,450.17,138.26,203.52,203.52,339.2,0,0,0,0,0.0178,0.0069,0.002,0.0006,0.0002,20426.74,7989.7,2350.81,715.33,291.57,31479.67,31774.15,294.48,191.8952182,-1077.819924,-4.62,1274.335142,948.24,68.15,1250.89,1998.98,3971.69,0.11,0,-0.03,3040.85,8.73,3062.59,9.47,22.49,0,0,59.51,34.49,7.91,41.26,0.61,0,0,3.06,0.05,4.3,24.59,2.58,1288.76,181.81,283.95,0,0,0,539.8,0.09,14.35,2,1,0.07,0.55,0,2333.47,2783.27,2783.27,5586.55,0
1,sd,compost_trees_rye,110.5,189.36,189.36,315.61,0,79.31,79.31,86.21,0,826.61,826.61,661.29,0.0137,0.0074,0.0022,0.0006,0.0002,15784.07,8563.1,2508.6,742.05,273.45,27021.44,27871.27,849.83,-1977.702185,-3110.444533,0,1132.742348,598.5,18.89,782.45,153.79,703.74,0.05,0,0,2677.82,1.21,2702.35,4.23,27.55,0,0,41.38,19.09,18.95,36.56,0.13,0,0,2.72,0.01,4.01,7.7,2.35,1289.14,178.08,429.92,0,0,0,539.8,0.07,14.35,2,1,0.27,0.5,0,110.5,433.71,433.71,929.91,0
2,sd,compost_trees_rye,132.75,164.22,164.22,273.7,0,74.04,74.04,80.48,0,418.12,418.12,334.5,0.0139,0.0074,0.0022,0.0006,0.0002,16012.2,8529.62,2499.54,742.18,279.23,27871.27,28062.78,191.51,-625.9807477,-700.9416384,0,74.96089072,468.25,45.38,936.89,354.83,1613.75,0.08,0,0,2702.35,4.23,2726.07,3.82,23.31,0,0,38.01,18.55,9.23,26.1,0.1,0,0,0.18,0.01,0.27,11.35,2.32,1288.82,126.25,339.34,0,0,0,539.8,0.07,14.35,2,1,0.23,0.51,0,237.82,551.45,551.45,1333.41,0
3,sd,compost_trees_rye,131.84,171.51,171.51,285.86,0,75.47,75.47,82.03,0,432.06,432.06,345.65,0.0142,0.0074,0.0022,0.0006,0.0002,16307.87,8496.2,2489.95,741.18,282.11,28062.79,28317.3,254.52,-877.4247652,-931.5631863,0,54.13842107,478.66,49.04,936.89,495.84,1705.86,0.08,0,0,2726.07,3.82,2747.61,4.15,21.87,0,0,37.7,19.26,9.49,27.2,0.1,0,0,0.13,0.01,0.19,12.12,2.36,1288.57,131.07,339.99,0,0,0,539.8,0.07,14.35,2,1,0.24,0.52,0,361.13,774.9,774.9,1738.69,0
4,sd,compost_trees_rye,137.64,218.04,218.04,363.41,0,84.38,84.38,91.72,0,434.53,434.53,347.62,0.0146,0.0074,0.0022,0.0006,0.0002,16737.51,8462.24,2480.9,739.8,284.98,28317.31,28705.43,388.12,-616.802349,-1420.549677,0,803.747328,555.17,51.6,1250.89,656.04,2125.52,0.09,0,0,2747.61,4.15,2778.15,4.95,31.34,0,0,58.49,21.71,9.16,33.7,0.36,0,0,1.93,0.02,2.82,15.22,2.44,1288.27,145.51,324.83,0,0,0,539.8,0.07,14.35,2,1,0.24,0.55,0,489.68,1047.52,1047.52,2216.27,0
5,sd,compost_trees_rye,136.75,189.66,189.66,316.11,0,78.34,78.34,85.15,0,451.11,451.11,360.89,0.0148,0.0073,0.0021,0.0006,0.0002,16996.71,8429.02,2471.51,738.44,286.88,28705.43,28922.57,217.15,-674.0157279,-794.7860518,0,120.7703239,625.29,53.53,936.89,813.29,2211.75,0.09,0,0,2778.15,4.95,2799.44,4.83,21.17,0,0,37.42,23.9,9.75,29.88,0.14,0,0,0.29,0.02,0.44,13.87,2.41,1287.98,137.94,334.24,0,0,0,539.8,0.07,14.35,2,1,0.24,0.53,0,617.32,1285.86,1285.86,2641.9,0
6,sd,compost_trees_rye,137.39,196.54,196.54,327.56,0,79.91,79.91,86.86,0,452.74,452.74,362.2,0.015,0.0073,0.0021,0.0006,0.0002,17261.46,8396.3,2462.28,736.86,288.51,28922.57,29145.41,222.84,-686.5125868,-815.6118986,0,129.0993118,670.57,55.22,936.89,965.69,2405.43,0.1,0,0,2799.44,4.83,2820.11,5.16,21,0,0,37.36,25.36,9.81,30.56,0.15,0,0,0.31,0.02,0.45,14.6,2.43,1287.7,139.13,331.9,0,0,0,539.8,0.07,14.35,2,1,0.24,0.53,0,745.4,1525.66,1525.66,3071.4,0
7,sd,compost_trees_rye,137.57,202.45,202.45,337.41,0,83.82,83.82,91.1,0,453.87,453.87,363.1,0.0152,0.0073,0.0021,0.0006,0.0002,17517.44,8364.04,2453.19,735.22,289.93,29145.4,29359.82,214.41,-622.3421734,-784.7574366,0,162.4152632,701.28,56.27,936.89,1120.8,2600.74,0.1,0,0,2820.11,5.16,2839.87,5.49,20.09,0,0,37.27,26.33,9.83,31.35,0.16,0,0,0.39,0.02,0.57,15.32,2.45,1287.4,141.63,329.86,0,0,0,539.8,0.07,14.35,2,1,0.24,0.54,0,873.53,1773.38,1773.38,3509.21,0
8,sd,compost_trees_rye,141.32,243.41,243.41,405.68,0,94.28,94.28,102.48,0,444.26,444.26,355.41,0.0155,0.0072,0.0021,0.0006,0.0002,17884.73,8331.4,2444.51,733.12,291.53,29359.82,29685.29,325.47,-270.8926,-1191.245758,0,920.353158,715,56.67,1250.89,1294.35,2991.32,0.11,0,0,2839.87,5.49,2867.36,6.28,28.28,0,0,58.08,26.76,9.23,37.08,0.42,0,0,2.21,0.03,3.2,18.4,2.51,1287.07,154.26,315.36,0,0,0,539.8,0.07,14.35,2,1,0.24,0.57,0,1005.35,2067.59,2067.59,4016.03,0
9,sd,compost_trees_rye,139.38,215.83,215.83,359.71,0,87.16,87.16,94.74,0,449.75,449.75,359.8,0.0157,0.0072,0.0021,0.0006,0.0002,18076.87,8300.08,2435.75,731.87,292.66,29685.29,29837.24,151.95,-302.1148022,-556.1489319,0,254.0341297,735.26,56.73,936.89,1465.72,3042.55,0.11,0,0,2867.36,6.28,2884.5,6.14,17,0,0,37.05,27.32,9.61,32.92,0.2,0,0,0.61,0.02,0.88,16.77,2.48,1286.75,145.66,326.02,0,0,0,539.8,0.07,14.35,2,1,0.24,0.55,0,1135.33,2330.52,2330.52,4473.43,0
10,sd,compost_trees_rye,138.96,222.39,222.39,370.65,0,85.61,85.61,93.05,0,457.14,457.14,365.71,0.0159,0.0072,0.0021,0.0006,0.0002,18290.07,8269.17,2427.14,730.2,293.7,29837.23,30010.28,173.04,-375.1413644,-633.339988,0,258.1986236,761.55,57.11,936.89,1632.97,3215.36,0.11,0,0,2884.5,6.14,2900.86,6.43,16.65,0,0,36.99,28.09,9.78,33.56,0.2,0,0,0.62,0.02,0.88,17.3,2.49,1286.43,147.02,324.94,0,0,0,539.8,0.07,14.35,2,1,0.24,0.55,0,1264.87,2598.82,2598.82,4943.67,0
11,sd,compost_trees_rye,140.04,227.65,227.65,379.42,0,86.89,86.89,94.44,0,456.71,456.71,365.37,0.0161,0.0072,0.0021,0.0006,0.0002,18494.21,8238.62,2418.62,728.45,294.64,30010.27,30174.54,164.27,-309.7265244,-601.2410994,0,291.514575,778.31,57.55,936.89,1803.9,3412.29,0.12,0,0,2900.86,6.43,2916.39,6.7,15.79,0,0,36.93,28.6,9.81,34.19,0.22,0,0,0.7,0.03,0.98,17.78,2.5,1286.11,147.22,324.61,0,0,0,539.8,0.07,14.35,2,1,0.24,0.55,0,1395.49,2870.44,2870.44,5420.8,0
12,sd,compost_trees_rye,144.01,262.71,262.71,437.85,0,99.33,99.33,107.97,0,470.7,470.7,376.56,0.0164,0.0071,0.0021,0.0006,0.0002,18837.89,8207.58,2410.25,726.07,295.71,30174.54,30477.5,302.96,-71.89840198,-1108.85739,0,1036.958988,805.21,58.11,1250.89,1993.18,3804.3,0.12,0,0,2916.39,6.7,2940.55,7.41,24.87,0,0,57.79,29.41,9.61,40.17,0.48,0,0,2.49,0.03,3.57,20.63,2.55,1285.75,159.67,311.12,0,0,0,539.8,0.07,14.35,2,1,0.24,0.58,0,1530.09,3193.79,3193.79,5977.21,0
13,sd,compost_trees_rye,141.96,238.75,238.75,397.92,0,88.75,88.75,96.46,0,460.59,460.59,368.47,0.0165,0.0071,0.0021,0.0006,0.0002,18985.49,8177.88,2402,724.99,296.5,30477.5,30586.86,109.36,-25.46173395,-400.2661875,0,374.8044536,811.92,58.6,936.89,2180.62,3878.57,0.12,0,0,2940.55,7.41,2954.36,7.21,13.62,0,0,36.78,29.64,9.81,35.67,0.25,0,0,0.9,0.03,1.27,18.75,2.51,1285.4,152.04,320.29,0,0,0,539.8,0.07,14.35,2,1,0.24,0.56,0,1662.76,3474.21,3474.21,6471.02,0
14,sd,compost_trees_rye,139.41,245.47,245.47,409.12,0,85.63,85.63,93.07,0,446.47,446.47,357.18,0.0166,0.0071,0.0021,0.0006,0.0002,19136,8148.61,2393.84,723.35,297.24,30586.86,30699.04,112.18,-35.78315545,-410.587609,0,374.8044536,798.44,58.25,936.89,2360.45,4041.73,0.13,0,0,2954.36,7.21,2966.68,7.47,12.59,0,0,36.72,29.21,9.54,35.58,0.25,0,0,0.9,0.03,1.26,19.16,2.52,1285.06,151.83,319.11,0,0,0,539.8,0.07,14.35,2,1,0.24,0.57,0,1792.88,3755.99,3755.99,6963.29,0
15,sd,compost_trees_rye,143.2,248.78,248.78,414.63,0,86.45,86.45,93.97,0,457.51,457.51,366.01,0.0168,0.0071,0.0021,0.0006,0.0002,19301.31,8119.69,2385.85,721.54,297.92,30699.04,30826.32,127.27,-61.86228285,-465.8181939,0,403.9559111,809.74,57.87,936.89,2543.26,4220.33,0.13,0,0,2966.68,7.47,2978.39,7.63,11.86,0,0,36.68,29.47,9.76,36.33,0.26,0,0,0.97,0.03,1.35,19.43,2.52,1284.71,151.72,320.33,0,0,0,539.8,0.07,14.35,2,1,0.24,0.56,0,1926.81,4050.45,4050.45,7473.59,0
16,sd,compost_trees_rye,146.64,277.2,277.2,461.99,0,103.14,103.14,112.11,0,477.46,477.46,381.97,0.0171,0.007,0.0021,0.0006,0.0002,19615.42,8090.02,2377.75,719.13,298.69,30826.32,31101.02,274.7,134.1077657,-1005.423571,-1.54,1141.071337,845.15,58.46,1250.89,2744.08,4623.75,0.14,0,-0.01,2978.39,7.63,2999.45,8.3,21.73,0,0,57.57,30.52,9.59,42.05,0.53,0,0,2.74,0.04,3.9,22.09,2.57,1284.33,162.63,307.99,0,0,0,539.8,0.07,14.35,2,1,0.24,0.58,0,2064.21,4393.22,4393.22,8061.12,0
17,sd,compost_trees_rye,144.53,255.89,255.89,426.49,0,89.72,89.72,97.52,0,466.56,466.56,373.25,0.0172,0.007,0.0021,0.0006,0.0002,19733.32,8061.71,2369.74,717.96,299.27,31101.02,31181.98,80.97,189.3492315,-296.3565582,-1.54,487.2457897,851.07,59.14,936.89,2943.09,4709.12,0.14,0,-0.01,2999.45,8.3,3010.42,8.03,10.7,0,0,36.58,30.75,9.87,37.55,0.29,0,0,1.17,0.04,1.61,20.07,2.53,1283.96,155.34,317.52,0,0,0,539.8,0.07,14.35,2,1,0.24,0.57,0,2199.59,4690.66,4690.66,8585.69,0
18,sd,compost_trees_rye,145.21,257.56,257.56,429.27,0,89.95,89.95,97.77,0,468.03,468.03,374.42,0.0173,0.007,0.0021,0.0006,0.0002,19871.64,8033.64,2361.92,716.24,299.79,31181.99,31283.23,101.24,106.8304519,-370.5463499,-1.54,478.9168018,852.1,59.24,936.89,3134.21,4881.05,0.14,0,-0.01,3010.42,8.03,3020.6,8.21,10.37,0,0,36.54,30.78,9.9,37.75,0.29,0,0,1.15,0.04,1.57,20.25,2.53,1283.59,154.39,317.86,0,0,0,539.8,0.07,14.35,2,1,0.24,0.57,0,2335.67,4993.51,4993.51,9113.86,0
19,sd,compost_trees_rye,143.51,260.15,260.15,433.59,0,89.79,89.79,97.6,0,468.45,468.45,374.76,0.0174,0.007,0.002,0.0006,0.0002,20010.74,8005.8,2354.07,714.53,300.28,31283.23,31385.42,102.19,126.8003408,-374.0234245,-3.08,503.9037653,857.72,59.36,936.89,3327.05,5078.67,0.14,0,-0.02,3020.6,8.21,3030.34,8.38,9.91,0,0,36.5,30.94,9.88,37.95,0.3,0,0,1.21,0.04,1.65,20.46,2.53,1283.23,154.5,317.09,0,0,0,539.8,0.07,14.35,2,1,0.24,0.57,0,2470.06,5298.51,5298.51,9645.89,0
20,sd,compost_trees_rye,149.22,286.83,286.83,478.05,0,108.58,108.58,118.02,0,486.79,486.79,389.44,0.0176,0.0069,0.002,0.0006,0.0002,20300.07,7977.2,2346.21,712.05,300.84,31385.42,31636.37,250.95,313.7379911,-918.4967059,-4.62,1236.854697,883.54,59.86,1250.89,3535.35,5478.56,0.15,0,-0.03,3030.34,8.38,3049.41,9.01,19.7,0,0,57.4,31.71,9.69,43.6,0.57,0,0,2.97,0.04,4.18,23.01,2.57,1282.84,165.18,305.27,0,0,0,539.8,0.07,14.35,2,1,0.24,0.59,0,2610.19,5655,5655,10254.03,0
1,sd,compost_trees_rye_hay,0,780.7,780.7,370.83,106.02,110.74,110.74,184.56,0,409.43,409.43,327.54,0.0137,0.0076,0.0022,0.0006,0.0002,15763.01,8687.27,2521.27,741.16,272.1,27021.44,27984.82,963.38,-2393.304102,-3526.04645,0,1132.742348,328.18,378.92,782.45,144.53,670.64,0.04,0,0,2677.82,1.21,2698.63,4.14,23.74,0,0,39.22,14.35,19.45,34.04,0.13,0,0,2.72,0.01,4.01,7.48,2.32,1288.76,220.05,330.49,0,0,0,539.8,0.08,14.35,2,1.01,0.11,0.64,0,106.02,256.03,256.03,500.9,996.67
2,sd,compost_trees_rye_hay,149.91,244.41,91.65,152.76,0,335.6,783.07,626.46,0,98.15,64.5,70.11,0.0141,0.0075,0.0022,0.0006,0.0002,16206.15,8634.78,2509.89,738.61,275.32,27984.82,28364.75,379.93,-1319.777237,-1390.573634,0,70.79639678,767.21,35.52,936.89,246.53,1606.14,0.08,0,0,2698.63,4.14,2729.1,3.77,30.11,0,0,38.96,17.21,10.57,27.46,0.11,0,0,0.17,0.01,0.26,11.13,2.37,1288.92,142.47,289.99,0,0,0,539.8,0.08,14.35,2,1,0.16,0.54,0,247.68,537.3,455.95,1126.26,691.76
3,sd,compost_trees_rye_hay,147.63,279.95,104.98,174.97,0,352.2,821.79,657.43,0,99.47,65.37,71.05,0.0145,0.0075,0.0022,0.0006,0.0002,16622.54,8582.05,2498.87,736.91,278.16,28364.75,28718.54,353.79,-1240.76076,-1294.899181,0,54.13842107,849.91,63.58,936.89,412.89,1909.4,0.08,0,0,2729.1,3.77,2760.25,4.16,31.53,0,0,38.6,25.47,11.17,29.36,0.11,0,0,0.13,0.01,0.2,11.82,2.42,1288.63,150.43,299.53,0,0,0,539.8,0.08,14.35,2,1,0.17,0.54,0,385.71,889.99,639.11,1629.78,480.13
4,sd,compost_trees_rye_hay,146.76,314.07,117.78,196.29,0,335.97,783.93,627.14,0,139.86,91.91,99.9,0.0149,0.0074,0.0022,0.0006,0.0002,17113.58,8532.83,2488.06,735.07,280.1,28718.54,29149.65,431.1,-774.112524,-1577.859852,0,803.747328,872.67,80.08,1250.89,556.7,2329.15,0.09,0,0,2760.25,4.16,2798.99,5.12,39.7,0,0,59.11,29.87,9.66,34.68,0.38,0,0,1.93,0.02,2.81,15.25,2.51,1288.32,152.75,292.14,0,0,0,539.8,0.08,14.35,2,1,0.17,0.57,0,522.78,1296.59,826.95,2050.09,333.24
5,sd,compost_trees_rye_hay,143.15,300.12,112.55,187.58,0,321.97,751.26,601.01,0,105.77,69.51,75.55,0.0151,0.0074,0.0022,0.0006,0.0002,17393.39,8488.02,2477.55,733.32,281.38,29149.65,29373.66,224.02,-686.6669855,-819.9307912,0,133.2638057,864.08,87.69,936.89,673.52,2338.06,0.09,0,0,2798.99,5.12,2826.34,5.06,27.29,0,0,37.81,31.78,9.75,30.4,0.15,0,0,0.32,0.02,0.46,14.08,2.47,1288.01,147.39,298.44,0,0,0,539.8,0.08,14.35,2,1,0.17,0.56,0,656.43,1649.74,979.75,2363.35,231.29
6,sd,compost_trees_rye_hay,137.74,312.46,117.17,195.29,0,307.03,716.41,573.13,0,110.76,72.79,79.11,0.0154,0.0073,0.0021,0.0006,0.0002,17662.95,8446.76,2467.4,731.72,282.44,29373.66,29591.27,217.61,-650.7124004,-796.4696879,0,145.7572875,841.93,90.26,936.89,774.68,2426.05,0.09,0,0,2826.34,5.06,2850.92,5.53,25.05,0,0,37.6,32.32,9.24,30.49,0.16,0,0,0.35,0.02,0.5,15.09,2.49,1287.7,145.66,299.61,0,0,0,539.8,0.08,14.35,2,1,0.17,0.57,0,784.56,2016.14,1134.47,2643.98,160.53
7,sd,compost_trees_rye_hay,136.36,316.99,118.87,198.12,0,302.88,706.73,565.38,0,114.28,75.1,81.63,0.0156,0.0073,0.0021,0.0006,0.0002,17925.08,8407.93,2457.55,730.1,283.35,29591.27,29804.01,212.74,-582.9138908,-778.6451055,0,195.7312147,833.93,90.47,936.89,872,2520.47,0.09,0,0,2850.92,5.53,2873.35,5.93,22.83,0,0,37.41,32.72,8.98,31.04,0.18,0,0,0.47,0.02,0.67,15.97,2.5,1287.39,145.2,299.72,0,0,0,539.8,0.08,14.35,2,1,0.16,0.57,0,911.33,2391.61,1298.3,2921.26,111.42
8,sd,compost_trees_rye_hay,137.68,350.65,131.49,219.16,0,323.48,754.78,603.82,0,162.36,106.69,115.97,0.016,0.0073,0.0021,0.0006,0.0002,18350.94,8369.56,2447.9,728.32,284.34,29804.01,30181.06,377.05,-426.3634983,-1380.032608,0,953.6691097,879.97,91.41,1250.89,983.25,2828.38,0.1,0,0,2873.35,5.93,2904.31,6.76,31.79,0,0,58.2,34.53,9.08,37.6,0.44,0,0,2.29,0.03,3.3,19.16,2.56,1287.06,154.04,294,0,0,0,539.8,0.08,14.35,2,1,0.16,0.59,0,1039.49,2854.24,1523.47,3285.73,77.33
9,sd,compost_trees_rye_hay,137.34,338.63,126.99,211.64,0,305.67,713.24,570.59,0,121.17,79.62,86.55,0.0161,0.0072,0.0021,0.0006,0.0002,18550.02,8333.3,2438.55,726.97,285.1,30181.06,30333.93,152.87,-259.6726414,-559.5162042,0,299.8435628,878.16,92.45,936.89,1094.03,2848.54,0.1,0,0,2904.31,6.76,2924.29,6.65,19.87,0,0,37.09,34.88,8.91,32.85,0.22,0,0,0.72,0.03,1.02,17.56,2.53,1286.72,147.8,298.63,0,0,0,539.8,0.08,14.35,2,1,0.16,0.58,0,1167.6,3249.91,1686.63,3574.24,53.68
10,sd,compost_trees_rye_hay,135.52,341.36,128.01,213.35,0,298.68,696.91,557.53,0,126.49,83.12,90.35,0.0163,0.0072,0.0021,0.0006,0.0002,18755.01,8298.56,2429.36,725.57,285.77,30333.93,30494.28,160.35,-278.7210408,-586.8935915,0,308.1725507,859.59,91.43,936.89,1196.21,2923.7,0.1,0,0,2924.29,6.65,2942.08,7.03,18.17,0,0,36.97,34.42,8.63,33.02,0.23,0,0,0.74,0.03,1.03,18.16,2.53,1286.39,145.28,299.14,0,0,0,539.8,0.08,14.35,2,1,0.16,0.59,0,1293.92,3655.16,1859.47,3861.86,37.25
11,sd,compost_trees_rye_hay,134.35,341.5,128.06,213.44,0,304.55,710.63,568.5,0,131.39,86.34,93.85,0.0165,0.0072,0.0021,0.0006,0.0002,18970.5,8264.95,2420.37,724.07,286.36,30494.28,30666.25,171.97,-283.7707079,-629.423704,0,345.6529961,871.84,90.68,936.89,1301,3028.35,0.1,0,0,2942.08,7.03,2958.84,7.3,17.03,0,0,36.89,34.8,8.7,33.7,0.24,0,0,0.83,0.03,1.15,18.73,2.54,1286.06,145.74,299.03,0,0,0,539.8,0.08,14.35,2,1,0.16,0.59,0,1419.13,4069.05,2045.25,4168.91,25.86
12,sd,compost_trees_rye_hay,139.28,372.7,139.76,232.93,0,305.67,713.24,570.59,0,182.9,120.19,130.65,0.0168,0.0072,0.0021,0.0006,0.0002,19314.31,8230.94,2411.41,722.37,287,30666.24,30966.04,299.79,-7.697531524,-1097.254941,-1.54,1091.097409,888.01,90.72,1250.89,1417.55,3347.31,0.11,0,-0.01,2958.84,7.3,2983.91,8.01,25.79,0,0,57.72,35.35,8.31,39.5,0.5,0,0,2.62,0.04,3.75,21.55,2.58,1285.71,152.79,291.27,0,0,0,539.8,0.08,14.35,2,1,0.16,0.61,0,1549.35,4562.33,2272.14,4533.55,17.95
13,sd,compost_trees_rye_hay,135.6,361.37,135.51,225.86,0,293.9,685.76,548.61,0,138.31,90.89,98.79,0.0169,0.0071,0.0021,0.0006,0.0002,19454.27,8198.92,2402.68,720.94,287.51,30966.03,31064.32,98.29,75.9827442,-359.7491183,-1.54,437.2718625,875.92,90.16,936.89,1532.97,3337.55,0.1,0,-0.01,2983.91,8.01,2998.14,7.85,14.07,0,0,36.67,34.99,8.4,34.71,0.27,0,0,1.05,0.03,1.46,19.72,2.55,1285.35,146.64,296.44,0,0,0,539.8,0.08,14.35,2,1,0.16,0.6,0,1676.06,4994.44,2454.28,4840.81,12.46
14,sd,compost_trees_rye_hay,133.66,358.33,134.37,223.95,0,298.46,696.41,557.13,0,140.23,92.15,100.16,0.0171,0.0071,0.0021,0.0006,0.0002,19625.11,8167.81,2394.09,719.47,287.95,31064.32,31194.44,130.11,-36.31646045,-476.2128169,-1.54,441.4363564,880.36,89.27,936.89,1643.43,3419.76,0.11,0,-0.01,2998.14,7.85,3011.39,8.11,13.51,0,0,36.6,35.05,8.45,34.98,0.28,0,0,1.06,0.03,1.46,20.1,2.55,1285.01,146.28,296.51,0,0,0,539.8,0.08,14.35,2,1,0.16,0.6,0,1800.89,5430.09,2648.27,5162.19,8.65
15,sd,compost_trees_rye_hay,134.26,360.22,135.08,225.13,0,299.74,699.4,559.52,0,143.23,94.12,102.31,0.0172,0.0071,0.0021,0.0006,0.0002,19796.56,8137.19,2385.66,717.94,288.34,31194.44,31325.7,131.26,-8.749599371,-480.4219072,-3.08,474.7523078,893.11,89.14,936.89,1756.13,3543.94,0.11,0,-0.02,3011.39,8.11,3024.15,8.31,12.96,0,0,36.54,35.41,8.46,35.35,0.29,0,0,1.14,0.04,1.56,20.39,2.55,1284.66,146.69,295.99,0,0,0,539.8,0.08,14.35,2,1,0.15,0.61,0,1926.38,5869.33,2842.66,5489.19,6
16,sd,compost_trees_rye_hay,139.37,386,144.75,241.25,0,314.24,733.23,586.58,0,192.47,126.48,137.48,0.0175,0.007,0.0021,0.0006,0.0002,20123.41,8105.67,2377.03,716.25,288.78,31325.69,31611.14,285.45,162.478318,-1044.769415,-4.62,1211.867733,928.89,89.9,1250.89,1880.99,3865.12,0.11,0,-0.03,3024.15,8.31,3046.15,9,22.69,0,0,57.42,36.5,8.35,41.4,0.55,0,0,2.91,0.04,4.12,22.91,2.6,1284.3,154.57,288.88,0,0,0,539.8,0.08,14.35,2,1,0.16,0.62,0,2057.04,6386.98,3088.97,5889.12,4.16
17,sd,compost_trees_rye_hay,137.48,378.89,142.08,236.8,0,296.65,692.18,553.75,0,144.73,95.11,103.38,0.0176,0.007,0.0021,0.0006,0.0002,20231.14,8075.97,2368.76,714.78,289.13,31611.14,31679.78,68.64,306.3588903,-251.22779,-4.62,562.2066803,915.79,90.39,936.89,2004.56,3878.89,0.11,0,-0.03,3046.15,9,3057.66,8.72,11.24,0,0,36.41,36.2,8.34,36.33,0.32,0,0,1.35,0.04,1.85,21,2.56,1283.93,149.07,293.57,0,0,0,539.8,0.08,14.35,2,1,0.16,0.61,0,2185.94,6838.4,3275.33,6214.71,2.89
18,sd,compost_trees_rye_hay,136.06,374.26,140.35,233.91,0,312.67,729.56,583.65,0,142.44,93.6,101.74,0.0177,0.007,0.0021,0.0006,0.0002,20393.71,8046.78,2360.6,713.28,289.43,31679.78,31803.79,124.02,99.49924775,-453.9229387,-4.62,558.0421864,934.94,90.31,936.89,2122.71,3960.78,0.11,0,-0.03,3057.66,8.72,3068.85,8.94,11.41,0,0,36.37,36.72,8.71,36.98,0.32,0,0,1.34,0.04,1.82,21.08,2.56,1283.56,149.56,295.48,0,0,0,539.8,0.08,14.35,2,1,0.15,0.61,0,2313.45,7293.86,3484.15,6566.61,2.01
19,sd,compost_trees_rye_hay,137.67,379.54,142.33,237.21,0,314.02,732.71,586.17,0,143.28,94.15,102.34,0.0179,0.007,0.002,0.0006,0.0002,20553.04,8017.64,2352.47,711.74,289.7,31803.8,31924.6,120.8,138.896158,-442.1374859,-6.16,587.1936439,957.68,91.51,936.89,2243.79,4108.97,0.12,0,-0.04,3068.85,8.94,3080.09,9.08,11.37,0,0,36.33,37.49,8.73,37.34,0.33,0,0,1.41,0.04,1.91,21.22,2.56,1283.2,149.58,295.12,0,0,0,539.8,0.08,14.35,2,1,0.15,0.61,0,2442.61,7750.85,3684.98,6917.91,1.39
20,sd,compost_trees_rye_hay,142.27,402.65,150.99,251.66,0,320.39,747.57,598.06,0,199.62,131.18,142.59,0.0181,0.0069,0.002,0.0006,0.0002,20851.67,7987.72,2344.19,710.03,290,31924.6,32183.6,259,361.8597436,-947.9603381,-6.16,1315.980082,976.81,92.64,1250.89,2374.33,4435.63,0.12,0,-0.04,3080.09,9.08,3100.39,9.75,20.98,0,0,57.22,38.15,8.39,42.99,0.59,0,0,3.16,0.05,4.42,23.65,2.6,1282.82,156.41,286.99,0,0,0,539.8,0.08,14.35,2,1,0.16,0.62,0,2576.42,8287.81,3934.33,7327.6,0.97
1,sd,regen,0,809.09,809.09,384.32,0,111.2,111.2,3113.46,0,551.74,551.74,441.4,0.0138,0.0076,0.0022,0.0006,0.0002,15924.44,8695.75,2525.98,745.56,279.34,27021.44,28171.06,1149.63,-3074.993727,-4207.736075,0,1132.742348,480.59,395.7,782.45,492.73,1001.78,0.04,0,0,2677.82,1.21,2705,4.46,30.44,0,0,43.33,19.18,59.44,66.59,0.13,0,0,2.72,0.01,4.01,8.97,2.38,1288.74,254.16,316.27,0,0,0,539.8,0.06,14.35,2,1.01,0.11,0.64,0,106.02,382.02,382.02,3664.31,1138.12
2,sd,regen,0,672.42,84.05,2353.47,0,116.99,818.91,655.13,0,356.42,234.22,254.59,0.0143,0.0075,0.0022,0.0006,0.0002,16412.51,8641.36,2512.51,740.93,281.19,28171.06,28588.49,417.43,-1394.562773,-1527.826579,0,133.2638057,876.43,42.64,936.89,1296.12,2734.55,0.1,0,0,2705,4.46,2751.26,5.05,46.85,0,0,67.58,19.91,57.42,69.7,0.19,0,0,0.32,0.02,0.45,22.26,2.56,1288.82,145.47,265.49,0,0,0,539.8,0.06,14.35,2,1,0.13,0.6,0,252.89,1229.96,760.52,6746.62,789.94
3,sd,regen,0,693.26,86.66,2426.39,0,126.43,884.99,707.99,0,395.03,259.59,282.16,0.0147,0.0075,0.0022,0.0006,0.0002,16958.92,8589.75,2501.3,739.11,282.69,28588.49,29071.77,483.28,-1610.591981,-1768.84275,0,158.2507693,927.82,70.28,936.89,2098.24,3549.82,0.12,0,0,2751.26,5.05,2798.81,6.07,48.56,0,0,73.67,27.61,59.38,74.17,0.25,0,0,0.38,0.02,0.53,26.06,2.61,1288.45,153.13,276.51,0,0,0,539.8,0.06,14.35,2,1,0.14,0.6,0,392.97,2239.17,1158.71,9824.99,548.27
4,sd,regen,0,706.2,88.28,2471.72,0,121.14,847.95,678.36,0,533.52,350.6,381.09,0.0153,0.0074,0.0022,0.0006,0.0002,17585.28,8541.82,2490.29,737.55,283.82,29071.77,29638.75,566.98,-1096.535249,-2075.191322,0,978.656073,935.76,87.4,1250.89,2899.53,4606.47,0.14,0,0,2798.81,6.07,2852.94,7.37,55.44,0,0,95.24,31.92,60.15,80.87,0.56,0,0,2.35,0.03,3.39,30,2.68,1288.07,159.1,269.29,0,0,0,539.8,0.06,14.35,2,1,0.14,0.6,0,528.9,3404.27,1614.59,12938.03,380.54
5,sd,regen,0,701.05,87.63,2453.69,0,119.79,838.5,670.8,0,485.39,318.97,346.71,0.0156,0.0074,0.0022,0.0006,0.0002,18000.92,8499.08,2479.61,735.64,284.4,29638.75,29999.66,360.91,-971.141451,-1320.958941,0,349.81749,919.52,95.95,936.89,3695.36,5286.66,0.14,0,0,2852.94,7.37,2894.3,7.73,41.72,0,0,73.78,33.91,59.67,77.97,0.34,0,0,0.84,0.03,1.17,29.39,2.66,1287.69,150.3,279.6,0,0,0,539.8,0.06,14.35,2,1,0.14,0.6,0,660.29,4483.94,2019.29,15912.15,264.12
6,sd,regen,0,707.44,88.43,2476.06,0,116.31,814.17,651.34,0,516.12,339.16,368.66,0.016,0.0074,0.0021,0.0006,0.0002,18400.07,8459.67,2469.28,734.14,284.83,29999.66,30348,348.33,-879.2882298,-1274.915153,0,395.6269232,894.87,100.04,936.89,4469.19,6052.49,0.15,0,0,2894.3,7.73,2932.1,8.45,38.51,0,0,73.93,34.68,60.01,79.28,0.37,0,0,0.95,0.04,1.32,30.74,2.67,1287.31,149.09,281.41,0,0,0,539.8,0.06,14.35,2,1,0.14,0.6,0,790.94,5597.86,2436.75,18890.37,183.32
7,sd,regen,0,706.32,88.29,2472.12,0,111.3,779.08,623.26,0,516.76,339.59,369.12,0.0163,0.0073,0.0021,0.0006,0.0002,18761.57,8422.89,2459.9,732.76,285.34,30347.99,30662.47,314.48,-676.2691872,-1151.021495,0,474.7523078,858.94,100.84,936.89,5246.86,6828.92,0.15,0,0,2932.1,8.45,2966.34,9.2,34.99,0,0,73.86,34.45,59.7,78.44,0.4,0,0,1.14,0.04,1.58,31.87,2.68,1286.93,152.88,275.81,0,0,0,539.8,0.06,14.35,2,1,0.13,0.6,0,916.94,6735.08,2865.39,21862.9,127.24
8,sd,regen,0,710.71,88.84,2487.49,0,110.46,773.2,618.56,0,522,343.03,372.85,0.0167,0.0073,0.0021,0.0006,0.0002,19242.45,8387.75,2455.25,731.51,286.49,30662.48,31103.44,440.96,-320.330615,-1613.948227,-1.54,1295.157612,840.22,100.1,1250.89,6051.83,7801.96,0.15,0,-0.01,2966.34,9.2,3006.86,10.65,41.97,0,0,94.43,34.3,59.98,78.75,0.69,0,0,3.11,0.05,4.43,35.17,2.71,1286.54,177.37,250.96,0,0,0,539.8,0.06,14.35,2,1,0.13,0.6,0,1025.95,7993.12,3378.44,24973.87,88.31
9,sd,regen,0,711.95,88.99,2491.81,0,106.02,742.14,593.71,0,510.65,335.57,364.75,0.017,0.0073,0.0021,0.0006,0.0002,19511.88,8354.78,2446.88,729.94,287.12,31103.44,31330.6,227.16,-122.3749758,-831.4234378,-3.08,712.128462,815.85,98.76,936.89,6868.41,8492.62,0.16,0,-0.02,3006.86,10.65,3035,10.7,28.19,0,0,72.99,33.78,59.88,77.55,0.47,0,0,1.71,0.05,2.37,33.52,2.68,1286.16,161.46,265.53,0,0,0,539.8,0.06,14.35,2,1,0.13,0.6,0,1141.88,9182.83,3838.23,28004.27,61.29
10,sd,regen,0,714.56,89.32,2500.97,0,105.65,739.58,591.67,0,511.5,336.13,365.36,0.0172,0.0072,0.0021,0.0006,0.0002,19793.63,8323.15,2440.29,728.41,287.75,31330.6,31573.23,242.63,-159.7139209,-888.0448526,-4.62,732.9509317,802.98,96.99,936.89,7677.37,9271.48,0.16,0,-0.03,3035,10.7,3060.68,11.37,26.35,0,0,72.76,33.42,60.04,77.64,0.49,0,0,1.76,0.05,2.43,34.04,2.68,1285.77,163.8,264.59,0,0,0,539.8,0.06,14.35,2,1,0.13,0.6,0,1253.3,10391.76,4317.28,31069.79,42.54
11,sd,regen,0,715.88,89.48,2505.58,0,105.53,738.69,590.95,0,511.63,336.21,365.45,0.0174,0.0072,0.0021,0.0006,0.0002,20067.31,8292.49,2433.75,726.91,288.37,31573.23,31808.82,235.59,-50.6570898,-862.2778998,-4.62,816.24081,801.55,95.87,936.89,8494.94,10093.55,0.16,0,-0.03,3060.68,11.37,3084.62,11.89,24.47,0,0,72.53,33.4,60.11,77.66,0.51,0,0,1.96,0.05,2.7,34.54,2.68,1285.38,166.05,261.22,0,0,0,539.8,0.06,14.35,2,1,0.13,0.6,0,1363.23,11614.72,4805.71,34160.04,29.53
12,sd,regen,0,722.54,90.32,2528.88,0,108.11,756.76,605.41,0,523.08,343.74,373.63,0.0178,0.0072,0.0021,0.0006,0.0002,20475.85,8261.34,2428.3,725.5,289.07,31808.82,32180.05,371.23,253.557187,-1358.730951,-7.7,1619.988138,814.79,95.61,1250.89,9331.08,11121.05,0.17,0,-0.05,3084.62,11.89,3116.41,16.16,36.06,0,0,93.19,33.84,60.71,78.91,0.79,0,0,3.89,0.06,5.48,37.36,2.71,1284.99,176.18,249.61,0,0,0,539.8,0.06,14.35,2,1,0.13,0.6,0,1472.94,12893.91,5333.1,37337.55,20.49
13,sd,regen,0,724.85,90.61,2536.98,0,107.25,750.75,600.6,0,518.42,340.67,370.3,0.018,0.0072,0.0021,0.0006,0.0002,20690.1,8232.51,2422.33,724.09,289.73,32180.06,32358.76,178.7,333.5580167,-654.0560325,-7.7,995.3140492,819.08,95.87,936.89,10181.05,11854.08,0.18,0,-0.05,3116.41,16.16,3137.58,15.31,20.32,0,0,71.96,34.05,60.83,78.65,0.56,0,0,2.39,0.06,3.29,35.12,2.68,1284.6,175.22,252.14,0,0,0,539.8,0.06,14.35,2,1,0.13,0.6,0,1582.89,14171.37,5850.45,40515.02,14.22
14,sd,regen,0,726.75,90.84,2543.63,0,106.09,742.6,594.08,0,519.53,341.41,371.09,0.0182,0.0071,0.0021,0.0006,0.0002,20912.46,8204.17,2416.35,722.64,290.32,32358.76,32545.95,187.18,313.4740321,-685.0934984,-9.24,1007.807531,813.64,95.65,936.89,11031.03,12689.94,0.18,0,-0.06,3137.58,15.31,3157.21,15.49,19.81,0,0,71.73,33.91,60.91,78.58,0.57,0,0,2.42,0.06,3.31,35.33,2.67,1284.2,174.22,252.45,0,0,0,539.8,0.06,14.35,2,1,0.13,0.6,0,1693.34,15451.5,6367.16,43694.42,9.87
15,sd,regen,0,730,91.25,2555.01,0,105.87,741.09,592.87,0,521.22,342.51,372.3,0.0184,0.0071,0.0021,0.0006,0.0002,21130.38,8176.39,2410.38,721.18,290.83,32545.94,32729.17,183.23,382.0697638,-670.6361882,-9.24,1061.945952,811.39,95.24,936.89,11883.85,13544.04,0.19,0,-0.06,3157.21,15.49,3175.62,16.04,18.96,0,0,71.53,33.83,61.13,78.77,0.59,0,0,2.55,0.06,3.48,35.53,2.67,1283.8,174.12,252.48,0,0,0,539.8,0.06,14.35,2,1,0.13,0.6,0,1804.37,16738.75,6888.72,46889.52,6.85
16,sd,regen,0,735.68,91.96,2574.88,0,109.69,767.85,614.28,0,534.39,351.17,381.71,0.0187,0.0071,0.0021,0.0006,0.0002,21493.79,8147.45,2404.27,719.68,291.25,32729.17,33056.44,327.27,644.585899,-1197.833899,-10.78,1853.199798,830.99,95.58,1250.89,12745.91,14595.96,0.2,0,-0.07,3175.62,16.04,3202.57,21.89,32.81,0,0,92.27,34.43,61.7,80.24,0.87,0,0,4.45,0.07,6.18,38.13,2.7,1283.4,176.77,248.94,0,0,0,539.8,0.06,14.35,2,1,0.13,0.6,0,1916.28,18049.49,7431.92,50136.08,4.76
17,sd,regen,0,739.73,92.47,2589.06,0,108.03,756.19,604.95,0,529.2,347.76,378,0.0188,0.0071,0.0021,0.0006,0.0002,21662.78,8120.67,2398.44,718.21,291.68,33056.45,33191.79,135.34,708.3571996,-495.3550276,-12.32,1216.032227,834.79,96.32,936.89,13613.54,15346.12,0.2,0,-0.08,3202.57,21.89,3219.42,22.68,17.63,0,0,71.17,34.62,61.92,79.92,0.63,0,0,2.92,0.07,3.96,35.78,2.66,1282.99,175.05,251.53,0,0,0,539.8,0.06,14.35,2,1,0.13,0.6,0,2028.44,19356.59,7958.41,53378.3,3.3
18,sd,regen,0,742.78,92.85,2599.74,0,107.36,751.5,601.2,0,530.13,348.37,378.67,0.019,0.007,0.0021,0.0006,0.0002,21846.59,8094.2,2392.6,716.72,292.06,33191.79,33342.18,150.39,649.1085236,-550.4392094,-12.32,1211.867733,829.55,96.28,936.89,14482,16194.26,0.21,0,-0.08,3219.42,22.68,3235.18,24.23,17.33,0,0,71.05,34.47,62.11,79.98,0.63,0,0,2.91,0.07,3.92,35.87,2.66,1282.58,174.66,251.79,0,0,0,539.8,0.06,14.35,2,1,0.13,0.6,0,2141.06,20669.43,8488.49,56629.84,2.29
19,sd,regen,0,746.98,93.37,2614.42,0,108.12,756.86,605.49,0,532.79,350.12,380.56,0.0192,0.007,0.0021,0.0006,0.0002,22034.02,8068.1,2386.77,715.22,292.39,33342.18,33496.49,154.32,680.5338487,-564.823318,-12.32,1257.677167,832.89,96.24,936.89,15354.02,17065.67,0.21,0,-0.08,3235.18,24.23,3250.34,26.02,16.95,0,0,70.93,34.55,62.44,80.41,0.65,0,0,3.02,0.07,4.05,35.93,2.66,1282.17,174.37,251.85,0,0,0,539.8,0.06,14.35,2,1,0.13,0.6,0,2254.14,21988.45,9023.75,59900.93,1.59
20,sd,regen,0,750.7,93.84,2627.46,0,112.87,790.1,632.08,0,549.23,360.92,392.31,0.0195,0.007,0.0021,0.0006,0.0002,22373.55,8040.62,2380.77,713.68,292.64,33496.49,33801.27,304.78,907.0587978,-1115.518733,-13.86,2036.437531,859.42,97.16,1250.89,16235.79,18138.38,0.22,0,-0.09,3250.34,26.02,3274.6,32.67,30.9,0,0,91.74,35.4,62.89,82.08,0.92,0,0,4.89,0.08,6.71,38.38,2.68,1281.76,177.84,248.01,0,0,0,539.8,0.06,14.35,2,1,0.13,0.6,0,2368.24,23333.58,9583.5,63222.01,1.1