Year ,Crop,Practice,Country,kgSOC_10cm,kgSOC_20cm,kgSOC_30cm,kgSOC_40cm,kgSOC_50cm,Ini_SOC,End_SOC    ,dSOC       ,CO2e,CH4_CO2e,N2O_CO2e,GWP
3,Cotton,Regenerative,India,140377.44,134339.95,107544.79,58085.82,40784.88,480384.72,481132.88,748.16,-2743.253333,-86.98666667,17406.71429,14576.47429
4,Cotton,Regenerative,India,142190.92,133865.77,106958.59,57782.98,40580.53,481132.88,481378.78,245.91,-901.67,-74.29333333,18468.60714,17492.64381
5,Cotton,Regenerative,India,143984.34,133388.73,106392.61,57490.62,40382.94,481378.78,481639.25,260.47,-955.0566667,-61.6,19338.94286,18322.28619
6,Cotton,Regenerative,India,144913.55,132783.81,105836.97,57201.93,40187.88,481639.19,480924.13,-715.06,2621.886667,-48.90666667,22087.37143,24660.35143
7,Cotton,Regenerative,India,147323.3,132322.25,105303.18,56925.47,40000.77,480924.16,481874.97,950.81,-3486.303333,-37.70666667,14266.84286,10742.83286
8,Cotton,Regenerative,India,149154.8,131855.11,104781.54,56655.86,39818.54,481874.97,482265.84,390.88,-1433.226667,-36.21333333,15461.99286,13992.55286
9,Cotton,Regenerative,India,150876.41,131389.03,104270.63,56391.79,39640.11,482265.84,482567.97,302.13,-1107.81,-36.21333333,15815.95714,14671.93381
10,Cotton,Regenerative,India,152511.48,130919.38,103769.57,56132.14,39464.89,482567.91,482797.47,229.56,-841.72,-36.21333333,16244.87857,15366.94524
11,Cotton,Regenerative,India,153218.45,130315.45,103275.7,55875.91,39291.95,482797.41,481977.47,-819.94,3006.446667,-36.21333333,20988,23958.23333
12,Cotton,Regenerative,India,155423.91,129867.38,102791.41,55624.77,39122.32,481977.5,482829.78,852.28,-3125.026667,-36.21333333,16053.32143,12892.08143
13,Cotton,Regenerative,India,156980.19,129408.3,102314.27,55377.59,38955.32,482829.75,483035.66,205.91,-755.0033333,-36.21333333,17310.93571,16519.71905
14,Cotton,Regenerative,India,158443.7,128951.95,101843.76,55133.95,38790.58,483035.69,483163.94,128.25,-470.25,-36.21333333,17614.92857,17108.46524
15,Cotton,Regenerative,India,159819.44,128491.03,101378.98,54893.01,38627.85,483163.91,483210.31,46.41,-170.17,-36.21333333,18002.20714,17795.82381
16,Cotton,Regenerative,India,159721.09,127913.02,100922.04,54655.82,38467.21,483210.38,481679.19,-1531.19,5614.363333,-36.21333333,19451.37857,25029.52857
17,Cotton,Regenerative,India,159767.69,127344.75,100470.36,54421.55,38308.24,481679.16,480312.59,-1366.56,5010.72,-36.21333333,24206.99286,29181.49952
18,Cotton,Regenerative,India,161521.64,126929.64,100024.3,54189.94,38151.14,480312.56,480816.66,504.09,-1848.33,-36.21333333,19239,17354.45667
19,Cotton,Regenerative,India,162742.06,126511.63,99583.68,53960.7,37995.79,480816.66,480793.88,-22.78,83.52666667,-36.21333333,17956.4,18003.71333
20,Cotton,Regenerative,India,163861.55,126084.98,99146.81,53734.18,37841.83,480793.88,480669.34,-124.53,456.61,-36.21333333,19284.80714,19705.20381
3,Cotton,Monocrop,India,133675.39,133520.03,107453.61,58046.17,40755.3,475257.25,473450.5,-1806.75,6624.75,-110.1333333,30894.83571,37409.45238
4,Cotton,Monocrop,India,133195.34,132823.69,106859.91,57737.63,40545.85,473450.56,471162.41,-2288.16,8389.92,-109.76,28612.80714,36892.96714
5,Cotton,Monocrop,India,132645.11,132143.95,106290.41,57441.83,40344.68,471162.38,468865.97,-2296.41,8420.17,-110.1333333,28383.77143,36693.8081
6,Cotton,Monocrop,India,131253.56,131368.88,105738.95,57155.74,40150.21,468865.97,465667.34,-3198.63,11728.31,-110.1333333,47568.63571,59186.81238
7,Cotton,Monocrop,India,131347.33,130744.51,105203.91,56877.27,39961.21,465667.34,464134.22,-1533.13,5621.476667,-110.5066667,29520.62143,35031.59143
8,Cotton,Monocrop,India,130900.65,130125.03,104681.57,56605.79,39776.62,464134.22,462089.66,-2044.56,7496.72,-110.5066667,28600.31429,35986.52762
9,Cotton,Monocrop,India,130400.44,129513.17,104169.73,56340.11,39596.02,462089.66,460019.47,-2070.19,7590.696667,-110.5066667,27896.55,35376.74
10,Cotton,Monocrop,India,129898.79,128909.13,103667.73,56078.84,39418.77,460019.47,457973.25,-2046.22,7502.806667,-110.5066667,27692.5,35084.8
11,Cotton,Monocrop,India,128508.97,128195.58,103174.44,55822.2,39244.45,457973.19,454945.63,-3027.56,11101.05333,-110.5066667,46977.30714,57967.85381
12,Cotton,Monocrop,India,128649.78,127626.7,102688.14,55569.27,39072.64,454945.66,453606.53,-1339.13,4910.143333,-111.2533333,28966.77143,33765.66143
13,Cotton,Monocrop,India,128194.22,127051.46,102208.67,55320.03,38903.33,453606.59,451677.72,-1928.88,7072.56,-110.88,28208.87143,35170.55143
14,Cotton,Monocrop,India,127709.38,126481.55,101735.45,55074.04,38736.23,451677.66,449736.66,-1941,7117,-110.88,27550.91429,34557.03429
15,Cotton,Monocrop,India,127224.72,125915.46,101267.56,54830.98,38571.02,449736.66,447809.75,-1926.91,7065.336667,-111.2533333,27342.7,34296.78333
16,Cotton,Monocrop,India,126742.09,125352.88,100805.2,54590.66,38407.78,447809.78,445898.59,-1911.19,7007.696667,-111.2533333,27242.75714,34139.20048
17,Cotton,Monocrop,India,125380.36,124680.89,100348.7,54352.91,38246.38,445898.63,443009.25,-2889.38,10594.39333,-111.6266667,45944.56429,56427.33095
18,Cotton,Monocrop,India,125535.88,124150.66,99897.02,54117.72,38086.63,443009.19,441787.91,-1221.28,4478.026667,-112,29995.35,34361.37667
19,Cotton,Monocrop,India,125136.18,123617.91,99449.77,53884.96,37928.33,441787.97,440017.16,-1770.81,6492.97,-112,25481.26429,31862.23429
20,Cotton,Monocrop,India,124681.14,123087.3,99006.83,53655.02,37771.6,440017.13,438201.88,-1815.25,6655.916667,-112,26922.10714,33466.02381
3,Cotton,Twocrops,India,135356.72,133952.44,107472.2,58054.77,40759.53,477018.38,475595.66,-1422.72,5216.64,-109.0133333,21687.6,26795.22667
4,Cotton,Twocrops,India,135120.34,133369.8,106881.45,57747.55,40550.82,475595.69,473669.97,-1925.72,7060.973333,-108.2666667,19817.83571,26770.54238
5,Cotton,Twocrops,India,134777.09,132786.05,106312.59,57452.11,40350.17,473669.97,471678,-1991.97,7303.89,-108.2666667,19538.82857,26734.4519
6,Cotton,Twocrops,India,133604.95,132077.16,105755.87,57163.72,40154.51,471678.06,468756.22,-2921.84,10713.41333,-107.8933333,26809.67143,37415.19143
7,Cotton,Twocrops,India,133919.17,131531.02,105218.69,56883.77,39964.6,468756.25,467517.25,-1239,4543,-108.2666667,20101.00714,24535.74048
8,Cotton,Twocrops,India,133688.52,130987.16,104695.43,56611.98,39779.85,467517.25,465762.94,-1754.31,6432.47,-107.8933333,19867.80714,26192.38381
9,Cotton,Twocrops,India,133397.92,130447.6,104182.48,56345.9,39599.18,465762.94,463973.09,-1789.84,6562.746667,-107.52,19288.97143,25744.1981
10,Cotton,Twocrops,India,133072.03,129907.73,103679.22,56084.16,39421.75,463973.13,462164.91,-1808.22,6630.14,-107.1466667,19284.80714,25807.80048
11,Cotton,Twocrops,India,131872.77,129237.01,103183.52,55826.45,39246.85,462164.88,459366.59,-2798.28,10260.36,-107.1466667,26434.88571,36588.09905
12,Cotton,Twocrops,India,132205.72,128728.16,102695.88,55572.8,39074.6,459366.63,458277.16,-1089.47,3994.723333,-107.52,19988.57143,23875.77476
13,Cotton,Twocrops,India,131939.52,128215.44,102215.58,55323.23,38905.12,458277.16,456598.88,-1678.28,6153.693333,-107.1466667,19372.25714,25418.80381
14,Cotton,Twocrops,India,131638.34,127705.8,101741.59,55076.93,38737.88,456598.88,454900.56,-1698.31,6227.136667,-107.1466667,19134.89286,25254.88286
15,Cotton,Twocrops,India,131303.52,127194.06,101273.02,54833.58,38572.52,454900.59,453176.69,-1723.91,6321.003333,-106.7733333,19130.72857,25344.95857
16,Cotton,Twocrops,India,130989.49,126684.17,100810.03,54592.98,38409.14,453176.72,451485.81,-1690.91,6200.003333,-106.7733333,19143.22143,25236.45143
17,Cotton,Twocrops,India,129792.95,126045.13,100352.8,54354.88,38247.54,451485.94,448793.28,-2692.66,9873.086667,-106.7733333,26001.8,35768.11333
18,Cotton,Twocrops,India,130116.8,125563.98,99900.63,54119.45,38087.63,448793.28,447788.5,-1004.78,3684.193333,-107.52,21475.22143,25051.89476
19,Cotton,Twocrops,India,129881.82,125084.1,99453.04,53886.53,37929.25,447788.5,446234.75,-1553.75,5697.083333,-106.7733333,17594.10714,23184.41714
20,Cotton,Twocrops,India,129557.61,124600.94,99009.8,53656.45,37772.45,446234.78,444597.25,-1637.53,6004.276667,-106.7733333,19055.77143,24953.27476
3,Cotton,Threecrops,India,140532.2,134269.14,107479.45,58057.77,40762.67,480423.5,481101.25,677.75,-2485.083333,-84,21471.05714,18901.97381
4,Cotton,Threecrops,India,142397.38,133766.17,106890.2,57750.74,40554.28,481101.16,481358.78,257.63,-944.6433333,-70.18666667,22020.74286,21005.91286
5,Cotton,Threecrops,India,144202.06,133255.08,106321.66,57455.17,40353.31,481358.72,481587.28,228.56,-838.0533333,-56.37333333,23003.51429,22109.08762
6,Cotton,Threecrops,India,145189.3,132616.8,105763.05,57166.08,40156.97,481587.28,480892.19,-695.09,2548.663333,-42.18666667,27246.92143,29753.3981
7,Cotton,Threecrops,India,147656.25,132134.2,105226.46,56886.61,39967.19,480892.22,481870.72,978.5,-3587.833333,-29.86666667,18905.85714,15288.15714
8,Cotton,Threecrops,India,149534.61,131647.47,104702.44,56614.51,39782.29,481870.75,482281.31,410.56,-1505.386667,-28.37333333,19776.19286,18242.43286
9,Cotton,Threecrops,India,151309.34,131161.17,104188.58,56348.07,39601.26,482281.28,482608.44,327.16,-1199.586667,-28.37333333,20138.48571,18910.52571
10,Cotton,Threecrops,India,153008.67,130672.33,103684.38,56086,39423.52,482608.44,482874.91,266.47,-977.0566667,-28.37333333,20596.55714,19591.12714
11,Cotton,Threecrops,India,153782.14,130051.39,103187.38,55827.91,39248.28,482874.88,482097.09,-777.78,2851.86,-28.37333333,27534.25714,30357.74381
12,Cotton,Threecrops,India,156054.81,129589.2,102699.12,55574.14,39075.88,482097.09,482993.16,896.06,-3285.553333,-28.37333333,22566.26429,19252.33762
13,Cotton,Threecrops,India,157667.05,129122.56,102218.13,55324.38,38906.24,482993.16,483238.38,245.22,-899.14,-28.37333333,22066.55,21139.03667
14,Cotton,Threecrops,India,159179.75,128657.38,101743.55,55077.91,38738.84,483238.38,483397.44,159.06,-583.22,-28.37333333,22312.24286,21700.64952
15,Cotton,Threecrops,India,160612.78,128189.23,101274.4,54834.42,38573.36,483397.5,483484.19,86.69,-317.8633333,-28.37333333,22766.15,22419.91333
16,Cotton,Threecrops,India,160557.08,127596.41,100810.81,54593.68,38409.91,483484.16,481967.88,-1516.28,5559.693333,-28.37333333,21937.45714,27468.77714
17,Cotton,Threecrops,India,160615.95,127019.15,100353.02,54355.48,38248.52,481967.91,480592.13,-1375.78,5044.526667,-28.37333333,28038.13571,33054.28905
18,Cotton,Threecrops,India,162372.78,126590.7,99900.38,54119.95,38088.85,480592.06,481072.66,480.59,-1762.163333,-28.37333333,24960.72857,23170.1919
19,Cotton,Threecrops,India,163602.88,126162.43,99452.41,53886.98,37930.71,481072.69,481035.41,-37.28,136.6933333,-28.37333333,20596.55714,20704.87714
20,Cotton,Threecrops,India,164742.52,125728.03,99008.8,53656.85,37774.16,481035.41,480910.38,-125.03,458.4433333,-28.37333333,21887.48571,22317.55571
3,Cotton,Fourcrops,India,140488.63,134298.19,107483.09,58057.79,40764.63,480443.66,481092.31,648.66,-2378.42,-84,20425.82143,17963.40143
4,Cotton,Fourcrops,India,142330.61,133791.17,106893.3,57750.65,40556.45,481092.34,481322.19,229.84,-842.7466667,-70.18666667,19901.12143,18988.1881
5,Cotton,Fourcrops,India,144090.97,133277.06,106324.45,57455.07,40355.8,481322.16,481503.34,181.19,-664.3633333,-56.37333333,20838.08571,20117.34905
6,Cotton,Fourcrops,India,145026.95,132638.63,105765.67,57166.19,40159.93,481503.34,480757.38,-745.97,2735.223333,-42.56,24057.07857,26749.7419
7,Cotton,Fourcrops,India,147448.33,132149.11,105228.23,56886.26,39970.01,480757.25,481681.94,924.69,-3390.53,-30.24,17989.71429,14568.94429
8,Cotton,Fourcrops,India,149296.45,131661.42,104704.13,56614.28,39785.49,481681.91,482061.78,379.88,-1392.893333,-28.37333333,17219.32143,15798.05476
9,Cotton,Fourcrops,India,151044.69,131174.52,104190.24,56347.97,39604.86,482061.78,482362.28,300.5,-1101.833333,-28.37333333,17510.82143,16380.61476
10,Cotton,Fourcrops,India,152703.33,130685.23,103686.05,56086.01,39427.52,482362.19,482588.13,225.94,-828.4466667,-28.37333333,17973.05714,17116.23714
11,Cotton,Fourcrops,India,153429.75,130066.05,103189.04,55828.08,39252.68,482588.19,481765.59,-822.59,3016.163333,-28.37333333,23561.52857,26549.31857
12,Cotton,Fourcrops,India,155662.23,129601.06,102700.71,55574.3,39080.54,481765.53,482618.84,853.31,-3128.803333,-28.37333333,20525.76429,17368.58762
13,Cotton,Fourcrops,India,157239.53,129134.29,102219.71,55324.61,38911.21,482618.88,482829.34,210.47,-771.7233333,-28.37333333,19372.25714,18572.16048
14,Cotton,Fourcrops,India,158720.53,128669.07,101745.13,55078.21,38744.16,482829.41,482957.09,127.69,-468.1966667,-28.37333333,19617.95,19121.38
15,Cotton,Fourcrops,India,160118.08,128201.01,101275.99,54834.77,38578.99,482957.09,483008.84,51.75,-189.75,-28.37333333,20046.87143,19828.7481
16,Cotton,Fourcrops,India,160024.67,127617.15,100819.91,54598.2,38419.08,483008.84,481479,-1529.84,5609.413333,-35.46666667,20534.09286,26108.03952
17,Cotton,Fourcrops,India,160071.66,127045.33,100369.15,54364.35,38260.86,481479.03,480111.34,-1367.69,5014.863333,-35.46666667,26035.11429,31014.51095
18,Cotton,Fourcrops,India,161823.78,126616.61,99923.48,54132.95,38104.23,480111.38,480601.06,489.69,-1795.53,-35.46666667,23599.00714,21768.01048
19,Cotton,Fourcrops,India,163047.84,126189.94,99482.66,53904.02,37949.22,480601.16,480573.69,-27.47,100.7233333,-35.46666667,19263.98571,19329.24238
20,Cotton,Fourcrops,India,164175.94,125757.45,99045.89,53677.77,37795.66,480573.72,480452.72,-121,443.6666667,-35.46666667,20550.75,20958.95
1,Bison,Monocrop,sd,16037.48,8558.56,2502.78,735.6,265.64,27021.44,28100.06,1078.62,-3947.833899,0,832.8987855,-3114.935113
2,Bison,Monocrop,sd,16401.93,8520.17,2490.42,732.62,268.31,28100.06,28413.45,313.39,-1147.032009,0,137.4282997,-1009.603709
3,Bison,Monocrop,sd,16673.54,8480.91,2477.02,728.07,268.3,28413.45,28627.83,214.39,-784.684235,0,149.9217814,-634.7624536
4,Bison,Monocrop,sd,17136.24,8441.26,2463.93,723.53,266.77,28627.84,29031.73,403.89,-1478.269116,0,949.5046155,-528.7645005
5,Bison,Monocrop,sd,17361.83,8402.98,2451.26,719.08,265.84,29031.73,29200.99,169.26,-619.5048912,0,312.3370447,-307.1678465
6,Bison,Monocrop,sd,17599.79,8365.91,2438.94,714.74,265.01,29200.99,29384.4,183.41,-671.2950023,0,324.8305264,-346.4644759
7,Bison,Monocrop,sd,17832.55,8329.71,2426.94,710.53,263.87,29384.39,29563.6,179.21,-655.9226725,0,387.2979353,-268.6247372
8,Bison,Monocrop,sd,18260.09,8292.98,2415.15,706.44,261.83,29563.6,29936.48,372.88,-1364.770081,0,1211.867733,-152.902348
9,Bison,Monocrop,sd,18445.3,8257.28,2403.66,702.42,260.9,29936.48,30069.56,133.08,-487.0832501,0,541.3842107,54.30096062
10,Bison,Monocrop,sd,18642.04,8222.56,2392.4,698.48,259.94,30069.56,30215.41,145.85,-533.8224529,0,545.5487047,11.72625177
11,Bison,Monocrop,sd,18835.98,8188.54,2381.33,694.63,258.87,30215.42,30359.35,143.94,-526.8317029,0,603.8516197,77.01991677
12,Bison,Monocrop,sd,19231.6,8153.97,2370.33,690.87,256.92,30359.35,30703.69,344.34,-1260.311439,0,1453.408381,193.0969418
13,Bison,Monocrop,sd,19386.82,8120.21,2359.57,687.14,256,30703.69,30809.74,106.05,-388.1513276,0,745.444413,357.2930854
14,Bison,Monocrop,sd,19556.88,8087.27,2348.99,683.47,255.17,30809.74,30931.78,122.03,-446.6393824,0,749.6089072,302.9695248
15,Bison,Monocrop,sd,19727.56,8054.89,2338.56,679.85,254.12,30931.78,31054.97,123.2,-450.9216743,0,795.4183403,344.496666
16,Bison,Monocrop,sd,20101.85,8021.91,2328.11,676.3,252.26,31054.98,31380.44,325.46,-1191.209157,-1.54,1669.962065,477.2129083
17,Bison,Monocrop,sd,20325.66,7990.2,2317.87,672.79,251.27,31380.44,31557.79,177.36,-649.1515273,-1.54,924.5176522,273.8261249
18,Bison,Monocrop,sd,20447.16,7958.12,2307.62,669.29,249.84,31557.79,31632.02,74.22,-271.6510281,-3.08,857.8857495,583.1547214
19,Bison,Monocrop,sd,20604.21,7926.81,2297.6,665.84,249.24,31632.02,31743.69,111.67,-408.7209689,-3.08,966.1625917,554.3616228
20,Bison,Monocrop,sd,20957.08,7894.95,2287.54,662.45,247.4,31743.69,32049.41,305.72,-1118.959207,-4.62,1869.857774,746.2785672
1,Bison,Twocrops,sd,15702.99,8562.13,2507.28,739.44,269.33,27021.44,27781.17,759.73,-2780.671458,0,1132.742348,-1647.92911
2,Bison,Twocrops,sd,15867.18,8529.85,2499.18,740.08,274.62,27781.17,27910.91,129.74,-474.8585879,0,83.28987855,-391.5687093
3,Bison,Twocrops,sd,16128.67,8497.66,2490.08,739.1,276.84,27910.91,28132.34,221.43,-810.4511879,0,58.302915,-752.1482729
4,Bison,Twocrops,sd,16576.54,8464.65,2481.01,738.3,279.2,28132.34,28539.71,407.37,-1491.006189,0,812.0763158,-678.9298732
5,Bison,Twocrops,sd,16799.08,8432.32,2472.12,737.01,280.67,28539.71,28721.2,181.49,-664.2676516,0,129.0993118,-535.1683398
6,Bison,Twocrops,sd,17051.45,8400.64,2463.39,735.6,281.86,28721.2,28932.95,211.75,-775.0216277,0,133.2638057,-641.757822
7,Bison,Twocrops,sd,17302.32,8369.35,2454.75,734.15,282.91,28932.95,29143.48,210.54,-770.5929327,0,170.7442511,-599.8486816
8,Bison,Twocrops,sd,17714,8337.56,2445.95,732.99,284.32,29143.48,29514.82,371.34,-1359.13356,0,924.5176522,-434.6159078
9,Bison,Twocrops,sd,17916.81,8306.75,2437.59,731.5,285.15,29514.82,29677.8,162.97,-596.4829973,0,262.3631175,-334.1198798
10,Bison,Twocrops,sd,18133.27,8276.48,2429.41,729.97,285.87,29677.79,29854.99,177.19,-648.5293139,0,262.3631175,-386.1661964
11,Bison,Twocrops,sd,18351.43,8246.65,2421.29,728.43,286.52,29854.98,30034.31,179.32,-656.3252812,0,291.514575,-364.8107062
12,Bison,Twocrops,sd,18732.13,8216.26,2412.82,727.17,287.54,30034.31,30375.92,341.61,-1250.319425,0,1041.123482,-209.1959428
13,Bison,Twocrops,sd,18915.02,8186.88,2404.88,725.61,288.06,30375.92,30520.46,144.54,-529.02775,0,387.2979353,-141.7298147
14,Bison,Twocrops,sd,19086.31,8158.03,2397.17,724.1,288.61,30520.46,30654.2,133.74,-489.498902,0,387.2979353,-102.2009667
15,Bison,Twocrops,sd,19270.36,8129.63,2389.59,722.58,289.1,30654.21,30801.26,147.06,-538.2511479,0,416.4493928,-121.8017551
16,Bison,Twocrops,sd,19629.52,8100.61,2381.31,721.25,289.84,30801.26,31122.54,321.28,-1175.910029,-1.54,1157.729312,-19.72071676
17,Bison,Twocrops,sd,19774.91,8072.62,2373.7,719.73,290.25,31122.54,31231.21,108.67,-397.7407333,-1.54,512.2327532,112.9520199
18,Bison,Twocrops,sd,19945.18,8044.94,2366.31,718.19,290.61,31231.2,31365.23,134.03,-490.5603247,-3.08,508.0682593,14.42793458
19,Bison,Twocrops,sd,20095.49,8017.58,2358.93,716.68,290.98,31365.23,31479.66,114.44,-418.8593864,-3.08,537.2197168,115.2803304
20,Bison,Twocrops,sd,20426.74,7989.7,2350.81,715.33,291.57,31479.67,31774.15,294.48,-1077.819924,-4.62,1274.335142,191.8952182
1,Bison,Threecrops,sd,15784.07,8563.1,2508.6,742.05,273.45,27021.44,27871.27,849.83,-3110.444533,0,1132.742348,-1977.702185
2,Bison,Threecrops,sd,16012.2,8529.62,2499.54,742.18,279.23,27871.27,28062.78,191.51,-700.9416384,0,74.96089072,-625.9807477
3,Bison,Threecrops,sd,16307.87,8496.2,2489.95,741.18,282.11,28062.79,28317.3,254.52,-931.5631863,0,54.13842107,-877.4247652
4,Bison,Threecrops,sd,16737.51,8462.24,2480.9,739.8,284.98,28317.31,28705.43,388.12,-1420.549677,0,803.747328,-616.802349
5,Bison,Threecrops,sd,16996.71,8429.02,2471.51,738.44,286.88,28705.43,28922.57,217.15,-794.7860518,0,120.7703239,-674.0157279
6,Bison,Threecrops,sd,17261.46,8396.3,2462.28,736.86,288.51,28922.57,29145.41,222.84,-815.6118986,0,129.0993118,-686.5125868
7,Bison,Threecrops,sd,17517.44,8364.04,2453.19,735.22,289.93,29145.4,29359.82,214.41,-784.7574366,0,162.4152632,-622.3421734
8,Bison,Threecrops,sd,17884.73,8331.4,2444.51,733.12,291.53,29359.82,29685.29,325.47,-1191.245758,0,920.353158,-270.8926
9,Bison,Threecrops,sd,18076.87,8300.08,2435.75,731.87,292.66,29685.29,29837.24,151.95,-556.1489319,0,254.0341297,-302.1148022
10,Bison,Threecrops,sd,18290.07,8269.17,2427.14,730.2,293.7,29837.23,30010.28,173.04,-633.339988,0,258.1986236,-375.1413644
11,Bison,Threecrops,sd,18494.21,8238.62,2418.62,728.45,294.64,30010.27,30174.54,164.27,-601.2410994,0,291.514575,-309.7265244
12,Bison,Threecrops,sd,18837.89,8207.58,2410.25,726.07,295.71,30174.54,30477.5,302.96,-1108.85739,0,1036.958988,-71.89840198
13,Bison,Threecrops,sd,18985.49,8177.88,2402,724.99,296.5,30477.5,30586.86,109.36,-400.2661875,0,374.8044536,-25.46173395
14,Bison,Threecrops,sd,19136,8148.61,2393.84,723.35,297.24,30586.86,30699.04,112.18,-410.587609,0,374.8044536,-35.78315545
15,Bison,Threecrops,sd,19301.31,8119.69,2385.85,721.54,297.92,30699.04,30826.32,127.27,-465.8181939,0,403.9559111,-61.86228285
16,Bison,Threecrops,sd,19615.42,8090.02,2377.75,719.13,298.69,30826.32,31101.02,274.7,-1005.423571,-1.54,1141.071337,134.1077657
17,Bison,Threecrops,sd,19733.32,8061.71,2369.74,717.96,299.27,31101.02,31181.98,80.97,-296.3565582,-1.54,487.2457897,189.3492315
18,Bison,Threecrops,sd,19871.64,8033.64,2361.92,716.24,299.79,31181.99,31283.23,101.24,-370.5463499,-1.54,478.9168018,106.8304519
19,Bison,Threecrops,sd,20010.74,8005.8,2354.07,714.53,300.28,31283.23,31385.42,102.19,-374.0234245,-3.08,503.9037653,126.8003408
20,Bison,Threecrops,sd,20300.07,7977.2,2346.21,712.05,300.84,31385.42,31636.37,250.95,-918.4967059,-4.62,1236.854697,313.7379911
1,Bison,Fourcrops,sd,15763.01,8687.27,2521.27,741.16,272.1,27021.44,27984.82,963.38,-3526.04645,0,1132.742348,-2393.304102
2,Bison,Fourcrops,sd,16206.15,8634.78,2509.89,738.61,275.32,27984.82,28364.75,379.93,-1390.573634,0,70.79639678,-1319.777237
3,Bison,Fourcrops,sd,16622.54,8582.05,2498.87,736.91,278.16,28364.75,28718.54,353.79,-1294.899181,0,54.13842107,-1240.76076
4,Bison,Fourcrops,sd,17113.58,8532.83,2488.06,735.07,280.1,28718.54,29149.65,431.1,-1577.859852,0,803.747328,-774.112524
5,Bison,Fourcrops,sd,17393.39,8488.02,2477.55,733.32,281.38,29149.65,29373.66,224.02,-819.9307912,0,133.2638057,-686.6669855
6,Bison,Fourcrops,sd,17662.95,8446.76,2467.4,731.72,282.44,29373.66,29591.27,217.61,-796.4696879,0,145.7572875,-650.7124004
7,Bison,Fourcrops,sd,17925.08,8407.93,2457.55,730.1,283.35,29591.27,29804.01,212.74,-778.6451055,0,195.7312147,-582.9138908
8,Bison,Fourcrops,sd,18350.94,8369.56,2447.9,728.32,284.34,29804.01,30181.06,377.05,-1380.032608,0,953.6691097,-426.3634983
9,Bison,Fourcrops,sd,18550.02,8333.3,2438.55,726.97,285.1,30181.06,30333.93,152.87,-559.5162042,0,299.8435628,-259.6726414
10,Bison,Fourcrops,sd,18755.01,8298.56,2429.36,725.57,285.77,30333.93,30494.28,160.35,-586.8935915,0,308.1725507,-278.7210408
11,Bison,Fourcrops,sd,18970.5,8264.95,2420.37,724.07,286.36,30494.28,30666.25,171.97,-629.423704,0,345.6529961,-283.7707079
12,Bison,Fourcrops,sd,19314.31,8230.94,2411.41,722.37,287,30666.24,30966.04,299.79,-1097.254941,-1.54,1091.097409,-7.697531524
13,Bison,Fourcrops,sd,19454.27,8198.92,2402.68,720.94,287.51,30966.03,31064.32,98.29,-359.7491183,-1.54,437.2718625,75.9827442
14,Bison,Fourcrops,sd,19625.11,8167.81,2394.09,719.47,287.95,31064.32,31194.44,130.11,-476.2128169,-1.54,441.4363564,-36.31646045
15,Bison,Fourcrops,sd,19796.56,8137.19,2385.66,717.94,288.34,31194.44,31325.7,131.26,-480.4219072,-3.08,474.7523078,-8.749599371
16,Bison,Fourcrops,sd,20123.41,8105.67,2377.03,716.25,288.78,31325.69,31611.14,285.45,-1044.769415,-4.62,1211.867733,162.478318
17,Bison,Fourcrops,sd,20231.14,8075.97,2368.76,714.78,289.13,31611.14,31679.78,68.64,-251.22779,-4.62,562.2066803,306.3588903
18,Bison,Fourcrops,sd,20393.71,8046.78,2360.6,713.28,289.43,31679.78,31803.79,124.02,-453.9229387,-4.62,558.0421864,99.49924775
19,Bison,Fourcrops,sd,20553.04,8017.64,2352.47,711.74,289.7,31803.8,31924.6,120.8,-442.1374859,-6.16,587.1936439,138.896158
20,Bison,Fourcrops,sd,20851.67,7987.72,2344.19,710.03,290,31924.6,32183.6,259,-947.9603381,-6.16,1315.980082,361.8597436
1,Bison,Regenerative,sd,15924.44,8695.75,2525.98,745.56,279.34,27021.44,28171.06,1149.63,-4207.736075,0,1132.742348,-3074.993727
2,Bison,Regenerative,sd,16412.51,8641.36,2512.51,740.93,281.19,28171.06,28588.49,417.43,-1527.826579,0,133.2638057,-1394.562773
3,Bison,Regenerative,sd,16958.92,8589.75,2501.3,739.11,282.69,28588.49,29071.77,483.28,-1768.84275,0,158.2507693,-1610.591981
4,Bison,Regenerative,sd,17585.28,8541.82,2490.29,737.55,283.82,29071.77,29638.75,566.98,-2075.191322,0,978.656073,-1096.535249
5,Bison,Regenerative,sd,18000.92,8499.08,2479.61,735.64,284.4,29638.75,29999.66,360.91,-1320.958941,0,349.81749,-971.141451
6,Bison,Regenerative,sd,18400.07,8459.67,2469.28,734.14,284.83,29999.66,30348,348.33,-1274.915153,0,395.6269232,-879.2882298
7,Bison,Regenerative,sd,18761.57,8422.89,2459.9,732.76,285.34,30347.99,30662.47,314.48,-1151.021495,0,474.7523078,-676.2691872
8,Bison,Regenerative,sd,19242.45,8387.75,2455.25,731.51,286.49,30662.48,31103.44,440.96,-1613.948227,-1.54,1295.157612,-320.330615
9,Bison,Regenerative,sd,19511.88,8354.78,2446.88,729.94,287.12,31103.44,31330.6,227.16,-831.4234378,-3.08,712.128462,-122.3749758
10,Bison,Regenerative,sd,19793.63,8323.15,2440.29,728.41,287.75,31330.6,31573.23,242.63,-888.0448526,-4.62,732.9509317,-159.7139209
11,Bison,Regenerative,sd,20067.31,8292.49,2433.75,726.91,288.37,31573.23,31808.82,235.59,-862.2778998,-4.62,816.24081,-50.6570898
12,Bison,Regenerative,sd,20475.85,8261.34,2428.3,725.5,289.07,31808.82,32180.05,371.23,-1358.730951,-7.7,1619.988138,253.557187
13,Bison,Regenerative,sd,20690.1,8232.51,2422.33,724.09,289.73,32180.06,32358.76,178.7,-654.0560325,-7.7,995.3140492,333.5580167
14,Bison,Regenerative,sd,20912.46,8204.17,2416.35,722.64,290.32,32358.76,32545.95,187.18,-685.0934984,-9.24,1007.807531,313.4740321
15,Bison,Regenerative,sd,21130.38,8176.39,2410.38,721.18,290.83,32545.94,32729.17,183.23,-670.6361882,-9.24,1061.945952,382.0697638
16,Bison,Regenerative,sd,21493.79,8147.45,2404.27,719.68,291.25,32729.17,33056.44,327.27,-1197.833899,-10.78,1853.199798,644.585899
17,Bison,Regenerative,sd,21662.78,8120.67,2398.44,718.21,291.68,33056.45,33191.79,135.34,-495.3550276,-12.32,1216.032227,708.3571996
18,Bison,Regenerative,sd,21846.59,8094.2,2392.6,716.72,292.06,33191.79,33342.18,150.39,-550.4392094,-12.32,1211.867733,649.1085236
19,Bison,Regenerative,sd,22034.02,8068.1,2386.77,715.22,292.39,33342.18,33496.49,154.32,-564.823318,-12.32,1257.677167,680.5338487
20,Bison,Regenerative,sd,22373.55,8040.62,2380.77,713.68,292.64,33496.49,33801.27,304.78,-1115.518733,-13.86,2036.437531,907.0587978
3,Kernza,Monocrop,Minnesota,37302.88,36878.66,31016.22,17185.97,12684.71,135059.7,135068.4,8.78,32.19333,-33.9733,204.05,202.27
4,Kernza,Monocrop,Minnesota,37433.96,36830.9,30979.85,17166.87,12671.29,135068.5,135082.9,14.41,52.83667,-33.6,216.5429,235.7795
5,Kernza,Monocrop,Minnesota,37570.44,36784.79,30944.52,17148,12657.51,135082.9,135105.3,22.41,82.17,-33.6,224.8714,273.4414
6,Kernza,Monocrop,Minnesota,37708.84,36740.35,30910.41,17129.71,12644.04,135105.2,135133.4,28.13,103.1433,-33.2267,233.2,303.1167
7,Kernza,Monocrop,Minnesota,37847.83,36697.52,30877.54,17112.09,12631.05,135133.4,135166,32.67,119.79,-33.2267,241.5286,328.0919
8,Kernza,Monocrop,Minnesota,37985.82,36656.14,30845.76,17095.02,12618.43,135166.1,135201.2,35.11,128.7367,-32.8533,245.6929,341.5762
9,Kernza,Monocrop,Minnesota,38122,36616.04,30814.93,17078.45,12606.16,135201.2,135237.6,36.41,133.5033,-32.8533,245.6929,346.3429
10,Kernza,Monocrop,Minnesota,38256.01,36577.09,30784.97,17062.34,12594.23,135237.6,135274.6,37.06,135.8867,-32.8533,249.8571,352.8905
11,Kernza,Monocrop,Minnesota,38387.71,36539.2,30755.83,17046.66,12582.6,135274.6,135312,37.36,136.9867,-32.48,254.0214,358.5281
12,Kernza,Monocrop,Minnesota,38517.03,36502.25,30727.42,17031.36,12571.26,135312,135349.3,37.34,136.9133,-32.48,254.0214,358.4548
13,Kernza,Monocrop,Minnesota,38644.37,36466.25,30699.71,17016.44,12560.2,135349.3,135387,37.66,138.0867,-32.1067,258.1857,364.1657
14,Kernza,Monocrop,Minnesota,38769.26,36431.07,30672.64,17001.84,12549.38,135387,135424.2,37.22,136.4733,-32.1067,262.35,366.7167
15,Kernza,Monocrop,Minnesota,38891.68,36396.63,30646.13,16987.54,12538.78,135424.2,135460.8,36.58,134.1267,-32.1067,262.35,364.37
16,Kernza,Monocrop,Minnesota,39011.71,36362.85,30620.13,16973.51,12528.39,135460.8,135496.6,35.86,131.4867,-31.7333,266.5143,366.2676
17,Kernza,Monocrop,Minnesota,39129.54,36329.69,30594.59,16959.73,12518.2,135496.6,135531.7,35.13,128.81,-31.7333,266.5143,363.591
18,Kernza,Monocrop,Minnesota,39245.05,36297.08,30569.45,16946.19,12508.17,135531.8,135565.9,34.17,125.29,-31.36,266.5143,360.4443
19,Kernza,Monocrop,Minnesota,39358.86,36265.02,30544.68,16932.86,12498.33,135565.9,135599.7,33.8,123.9333,-31.36,270.6786,363.2519
20,Kernza,Monocrop,Minnesota,39470.52,36233.44,30520.23,16919.71,12488.64,135599.8,135632.6,32.8,120.2667,-31.36,270.6786,359.5852
3,Kernza,Twocrops,Minnesota,37309.46,36887.77,31024.46,17197.87,12703.79,135118.9,135123.3,4.42,16.20667,-33.9733,216.5429,198.7762
4,Kernza,Twocrops,Minnesota,37441.62,36840.38,30988.02,17178.7,12690.04,135123.4,135138.8,15.39,56.43,-33.6,224.8714,247.7014
5,Kernza,Twocrops,Minnesota,37579.05,36794.86,30952.99,17160.14,12676.58,135138.8,135163.6,24.86,91.15333,-33.6,229.0357,286.589
6,Kernza,Twocrops,Minnesota,37718.22,36751.05,30919.31,17142.25,12663.57,135163.6,135194.4,30.78,112.86,-33.2267,233.2,312.8333
7,Kernza,Twocrops,Minnesota,37857.25,36708.87,30887.13,17125.03,12651.07,135194.4,135229.4,34.95,128.15,-33.2267,237.3643,332.2876
8,Kernza,Twocrops,Minnesota,37995.01,36668.13,30856.14,17108.35,12638.93,135229.4,135266.6,37.17,136.29,-32.8533,241.5286,344.9652
9,Kernza,Twocrops,Minnesota,38130.91,36628.66,30826.12,17092.18,12627.15,135266.6,135305,38.45,140.9833,-32.8533,245.6929,353.8229
10,Kernza,Twocrops,Minnesota,38264.64,36590.34,30796.98,17076.47,12615.7,135305,135344.1,39.11,143.4033,-32.48,249.8571,360.7805
11,Kernza,Twocrops,Minnesota,38396.05,36553.1,30768.63,17061.2,12604.57,135344.2,135383.6,39.39,144.43,-32.48,249.8571,361.8071
12,Kernza,Twocrops,Minnesota,38525.11,36516.81,30741.03,17046.32,12593.72,135383.6,135423,39.44,144.6133,-32.1067,254.0214,366.5281
13,Kernza,Twocrops,Minnesota,38652.66,36481.46,30714.16,17031.84,12583.19,135423,135463.3,40.3,147.7667,-32.1067,254.0214,369.6814
14,Kernza,Twocrops,Minnesota,38777.55,36446.91,30687.9,17017.7,12572.88,135463.3,135502.9,39.63,145.31,-32.1067,258.1857,371.389
15,Kernza,Twocrops,Minnesota,38899.97,36413.13,30662.21,17003.86,12562.81,135503,135542,39.02,143.0733,-32.1067,258.1857,369.1524
16,Kernza,Twocrops,Minnesota,39020.18,36380.04,30637.07,16990.31,12552.94,135542,135580.6,38.58,141.46,-31.7333,262.35,372.0767
17,Kernza,Twocrops,Minnesota,39138.07,36347.6,30612.42,16977.03,12543.27,135580.6,135618.4,37.81,138.6367,-31.7333,266.5143,373.4176
18,Kernza,Twocrops,Minnesota,39253.66,36315.75,30588.25,16964,12533.79,135618.4,135655.5,37.06,135.8867,-31.7333,266.5143,370.6676
19,Kernza,Twocrops,Minnesota,39367.13,36284.51,30564.54,16951.25,12524.49,135655.5,135691.9,36.45,133.65,-31.36,270.6786,372.9686
20,Kernza,Twocrops,Minnesota,39478.53,36253.78,30541.22,16938.7,12515.34,135691.9,135727.6,35.69,130.8633,-31.36,270.6786,370.1819
3,Kernza,Threecrops,Minnesota,37310.93,36896.72,31032.53,17199.53,12703.31,135131.8,135143,11.27,41.32333,-33.9733,145.75,153.1
4,Kernza,Threecrops,Minnesota,37441.13,36851.39,30997.63,17181.07,12690.09,135143,135161.3,18.33,67.21,-33.6,149.9143,183.5243
5,Kernza,Threecrops,Minnesota,37576.48,36807.38,30963.71,17163,12676.96,135161.3,135187.5,26.22,96.14,-33.6,149.9143,212.4543
6,Kernza,Threecrops,Minnesota,37713.66,36764.66,30930.83,17145.46,12664.19,135187.5,135218.8,31.27,114.6567,-33.2267,154.0786,235.5086
7,Kernza,Threecrops,Minnesota,37851.23,36723.23,30899.07,17128.52,12651.84,135218.8,135253.9,35.08,128.6267,-33.2267,158.2429,253.6429
8,Kernza,Threecrops,Minnesota,37987.61,36682.9,30868.23,17112.04,12639.81,135253.9,135290.6,36.69,134.53,-32.8533,158.2429,259.9195
9,Kernza,Threecrops,Minnesota,38122.18,36643.61,30838.22,17095.98,12628.09,135290.6,135328.1,37.5,137.5,-32.8533,162.4071,267.0538
10,Kernza,Threecrops,Minnesota,38254.66,36605.29,30808.99,17080.35,12616.66,135328.1,135366,37.84,138.7467,-32.48,162.4071,268.6738
11,Kernza,Threecrops,Minnesota,38384.89,36567.87,30780.49,17065.09,12605.51,135365.9,135403.8,37.91,139.0033,-32.48,162.4071,268.9305
12,Kernza,Threecrops,Minnesota,38512.82,36531.28,30752.65,17050.18,12594.62,135403.8,135441.6,37.7,138.2333,-32.48,166.5714,272.3248
13,Kernza,Threecrops,Minnesota,38639.09,36495.57,30725.46,17035.63,12583.99,135441.5,135479.8,38.22,140.14,-32.1067,166.5714,274.6048
14,Kernza,Threecrops,Minnesota,38762.93,36460.61,30698.87,17021.39,12573.57,135479.7,135517.4,37.64,138.0133,-32.1067,166.5714,272.4781
15,Kernza,Threecrops,Minnesota,38884.39,36426.33,30672.83,17007.44,12563.37,135517.4,135554.4,37,135.6667,-32.1067,170.7357,274.2957
16,Kernza,Threecrops,Minnesota,39003.52,36392.7,30647.3,16993.76,12553.37,135554.4,135590.6,36.27,132.99,-31.7333,170.7357,271.9924
17,Kernza,Threecrops,Minnesota,39120.28,36359.66,30622.26,16980.33,12543.55,135590.6,135626.1,35.44,129.9467,-31.7333,170.7357,268.949
18,Kernza,Threecrops,Minnesota,39234.89,36327.19,30597.66,16967.14,12533.91,135626.1,135660.8,34.72,127.3067,-31.7333,174.9,270.4733
19,Kernza,Threecrops,Minnesota,39347.39,36295.29,30573.49,16954.17,12524.44,135660.8,135694.8,33.98,124.5933,-31.36,174.9,268.1333
20,Kernza,Threecrops,Minnesota,39457.76,36263.9,30549.72,16941.4,12515.11,135694.8,135727.9,33.13,121.4767,-31.36,174.9,265.0167
3,Kernza,Regenerative,Minnesota,37611.27,36920.33,31029.98,17199.84,12705.21,135551.2,135466.6,-84.56,-310.053,-33.9733,204.05,-139.977
4,Kernza,Regenerative,Minnesota,37699.14,36870.32,30992.89,17180.43,12691.21,135466.6,135434,-32.61,-119.57,-33.6,224.8714,71.70143
5,Kernza,Regenerative,Minnesota,37808.97,36822.76,30957.32,17161.72,12677.65,135434,135428.4,-5.61,-20.57,-33.2267,233.2,179.4033
6,Kernza,Regenerative,Minnesota,37929.9,36777.23,30923.18,17143.69,12664.55,135428.5,135438.5,10.08,36.96,-33.2267,237.3643,241.0976
7,Kernza,Regenerative,Minnesota,38056.35,36733.55,30890.6,17126.34,12651.98,135438.6,135458.8,20.27,74.32333,-33.2267,241.5286,282.6252
8,Kernza,Regenerative,Minnesota,38185.13,36691.47,30859.25,17109.55,12639.76,135458.8,135485.2,26.34,96.58,-32.8533,245.6929,309.4195
9,Kernza,Regenerative,Minnesota,38314.35,36650.8,30828.92,17093.27,12627.91,135485.2,135515.3,30.09,110.33,-32.8533,249.8571,327.3338
10,Kernza,Regenerative,Minnesota,38442.91,36611.42,30799.49,17077.48,12616.41,135515.3,135547.7,32.44,118.9467,-32.48,254.0214,340.4881
11,Kernza,Regenerative,Minnesota,38570.13,36573.2,30770.9,17062.12,12605.22,135547.7,135581.6,33.86,124.1533,-32.48,254.0214,345.6948
12,Kernza,Regenerative,Minnesota,38695.58,36536.04,30743.07,17047.17,12594.33,135581.6,135616.2,34.61,126.9033,-32.1067,258.1857,352.9824
13,Kernza,Regenerative,Minnesota,38819.85,36499.91,30715.99,17032.62,12583.75,135616.2,135652.1,35.92,131.7067,-32.1067,262.35,361.95
14,Kernza,Regenerative,Minnesota,38941.8,36464.63,30689.54,17018.41,12573.41,135652.1,135687.8,35.67,130.79,-32.1067,262.35,361.0333
15,Kernza,Regenerative,Minnesota,39061.48,36430.17,30663.7,17004.52,12563.29,135687.8,135723.2,35.38,129.7267,-32.1067,266.5143,364.1343
16,Kernza,Regenerative,Minnesota,39179.11,36396.45,30638.41,16990.92,12553.4,135723.2,135758.3,35.13,128.81,-31.7333,266.5143,363.591
17,Kernza,Regenerative,Minnesota,39294.47,36363.43,30613.63,16977.59,12543.7,135758.3,135792.8,34.52,126.5733,-31.7333,270.6786,365.5186
18,Kernza,Regenerative,Minnesota,39407.66,36331.04,30589.33,16964.52,12534.18,135792.8,135826.7,33.92,124.3733,-31.36,270.6786,363.6919
19,Kernza,Regenerative,Minnesota,39518.8,36299.32,30565.5,16951.73,12524.85,135826.7,135860.2,33.48,122.76,-31.36,274.8429,366.2429
20,Kernza,Regenerative,Minnesota,39627.98,36268.14,30542.1,16939.15,12515.68,135860.2,135893.1,32.83,120.3767,-31.36,274.8429,363.8595
3,Mango,Regenerative,Nicaragua,32946.77,20845.39,20321.72,20324.85,30491.47,119781.95,124930.2,5148.26,-18876.95333,-22.77333333,4247.571429,-14652.15524
4,Mango,Regenerative,Nicaragua,38780.17,21025.43,20297.34,20301.25,30457.19,124930.21,130861.38,5931.16,-21747.58667,-15.68,5913.285714,-15849.98095
5,Mango,Regenerative,Nicaragua,44711.13,21203.46,20273.18,20277.59,30422.71,130861.41,136888.08,6026.67,-22097.79,-16.42666667,7183.392857,-14930.82381
6,Mango,Regenerative,Nicaragua,50508.5,21381.22,20249.25,20254.37,30388.87,136888.08,142782.2,5894.13,-21611.81,-16.8,8432.678571,-13195.93143
7,Mango,Regenerative,Nicaragua,55945.25,21559.91,20225.53,20231.37,30355.33,142782.2,148317.39,5535.19,-20295.69667,-17.17333333,8874.092857,-11438.77714
8,Mango,Regenerative,Nicaragua,60996.01,21739.55,20202.05,20208.61,30322.14,148317.38,153468.36,5150.98,-18886.92667,-17.54666667,9411.285714,-9493.187619
9,Mango,Regenerative,Nicaragua,65651.2,21917.32,20178.75,20186.01,30289.14,153468.36,158222.42,4754.06,-17431.55333,-17.92,9736.1,-7713.373333
10,Mango,Regenerative,Nicaragua,69989.59,22097.36,20155.51,20163.48,30256.21,158222.39,162662.17,4439.78,-16279.19333,-18.29333333,10065.07857,-6232.408095
11,Mango,Regenerative,Nicaragua,74050.71,22278.36,20132.38,20141.03,30223.4,162662.17,166825.89,4163.72,-15266.97333,-18.66666667,10398.22143,-4887.418571
12,Mango,Regenerative,Nicaragua,77841.56,22457.49,20109.26,20118.56,30190.63,166825.89,170717.5,3891.61,-14269.23667,-19.04,10589.77857,-3698.498095
13,Mango,Regenerative,Nicaragua,81422.41,22637.59,20086.12,20096.02,30157.96,170717.53,174400.09,3682.56,-13502.72,-19.04,10789.66429,-2732.095714
14,Mango,Regenerative,Nicaragua,84840.91,22818.4,20062.98,20073.45,30125.46,174400.11,177921.2,3521.09,-12910.66333,-19.41333333,11047.85,-1882.226667
15,Mango,Regenerative,Nicaragua,88093.21,22997.31,20039.76,20050.89,30093.1,177921.2,181274.28,3353.08,-12294.62667,-19.41333333,11310.2,-1003.84
16,Mango,Regenerative,Nicaragua,91231.91,23177.05,20016.38,20028.29,30060.69,181274.28,184514.33,3240.05,-11880.18333,-19.78666667,11489.26429,-410.7057143
17,Mango,Regenerative,Nicaragua,94296.08,23356.45,19993,20005.85,30028.5,184514.33,187679.88,3165.55,-11607.01667,-20.16,11914.02143,286.8447619
18,Mango,Regenerative,Nicaragua,97265.54,23532.99,19969.63,19983.41,29996.32,187679.86,190747.89,3068.03,-11249.44333,-20.16,12122.23571,852.632381
19,Mango,Regenerative,Nicaragua,100181.73,23709.4,19946.39,19961.13,29964.2,190747.91,193762.86,3014.95,-11054.81667,-20.16,12338.77857,1263.801905
20,Mango,Regenerative,Nicaragua,102269.41,23886.68,19923.3,19938.96,29932.19,193762.84,195950.55,2187.7,-8021.566667,-20.53333333,12555.32143,4513.221429
3,Mango,Twocrops,Nicaragua,32896.19,20841.5,20321.54,20323.95,30489.89,119786.43,124873.07,5086.64,-18651.01333,-22.77333333,4255.9,-14417.88667
4,Mango,Twocrops,Nicaragua,38677.96,21020.35,20297.12,20300.05,30455.09,124873.07,130750.57,5877.5,-21550.83333,-15.68,5929.942857,-15636.57048
5,Mango,Twocrops,Nicaragua,44591.24,21198.63,20272.96,20276.39,30420.63,130750.56,136759.84,6009.28,-22034.02667,-16.42666667,7166.735714,-14883.71762
6,Mango,Twocrops,Nicaragua,50384.31,21376.6,20248.96,20252.88,30386.38,136759.86,142649.14,5889.28,-21594.02667,-16.8,8416.021429,-13194.80524
7,Mango,Twocrops,Nicaragua,55821.18,21555.34,20225.18,20229.59,30352.45,142649.13,148183.75,5534.63,-20293.64333,-17.17333333,8886.585714,-11424.23095
8,Mango,Twocrops,Nicaragua,60878.46,21735.03,20201.64,20206.55,30318.87,148183.75,153340.53,5156.78,-18908.19333,-17.54666667,9402.957143,-9522.782857
9,Mango,Twocrops,Nicaragua,65539.88,21912.81,20178.27,20183.67,30285.49,153340.55,158100.13,4759.58,-17451.79333,-17.92,9731.935714,-7737.777619
10,Mango,Twocrops,Nicaragua,69862.03,22091.51,20155.01,20160.89,30252.2,158100.13,162521.64,4421.52,-16212.24,-18.29333333,10060.91429,-6169.619048
11,Mango,Twocrops,Nicaragua,73888.44,22271.08,20131.8,20138.13,30218.89,162521.63,166648.34,4126.72,-15131.30667,-18.66666667,10360.74286,-4789.230476
12,Mango,Twocrops,Nicaragua,77630.7,22448.45,20108.56,20115.31,30185.41,166648.33,170488.42,3840.09,-14080.33,-19.04,10560.62857,-3538.741429
13,Mango,Twocrops,Nicaragua,81158.95,22626.5,20085.26,20092.41,30151.73,170488.41,174114.84,3626.44,-13296.94667,-19.04,10760.51429,-2555.472381
14,Mango,Twocrops,Nicaragua,84520.87,22805.14,20062,20069.46,30118,174114.84,177575.47,3460.63,-12688.97667,-19.41333333,11306.03571,-1402.354286
15,Mango,Twocrops,Nicaragua,87729.73,22982.23,20038.69,20046.41,30084.3,177575.45,180881.36,3305.91,-12121.67,-19.41333333,11505.92143,-635.1619048
16,Mango,Twocrops,Nicaragua,90829.72,23159.91,20015.26,20023.27,30050.79,180881.36,184078.95,3197.59,-11724.49667,-19.78666667,11684.98571,-59.29761905
17,Mango,Twocrops,Nicaragua,93849.35,23337.34,19991.72,20000.12,30017.58,184078.95,187196.11,3117.16,-11429.58667,-19.78666667,11876.54286,427.1695238
18,Mango,Twocrops,Nicaragua,96773.84,23511.62,19968.07,19977.09,29984.67,187196.13,190215.28,3019.16,-11070.25333,-20.16,12088.92143,998.5080952
19,Mango,Twocrops,Nicaragua,99635.46,23685.63,19944.37,19954.24,29952.05,190215.28,193171.75,2956.47,-10840.39,-20.16,12301.3,1440.75
20,Mango,Twocrops,Nicaragua,101665.27,23859.66,19920.79,19931.61,29919.71,193171.75,195297.03,2125.28,-7792.693333,-20.53333333,12513.67857,4700.451905
3,Mango,Monocrop,Nicaragua,22455.5,20313.2,20315.04,20317.89,30480.94,113184.34,113882.58,698.23,-2560.176667,-53.01333333,3822.814286,1209.624286
4,Mango,Monocrop,Nicaragua,23293.42,20285.11,20288.06,20292.09,30443.96,113882.57,114602.64,720.07,-2640.256667,-48.53333333,4672.328571,1983.538571
5,Mango,Monocrop,Nicaragua,24166.49,20257.24,20261.42,20266.62,30407.41,114602.65,115359.17,756.52,-2773.906667,-44.05333333,5821.671429,3003.711429
6,Mango,Monocrop,Nicaragua,25089.18,20229.66,20235.1,20241.45,30371.29,115359.19,116166.66,807.48,-2960.76,-39.2,7320.814286,4320.854286
7,Mango,Monocrop,Nicaragua,25939.27,20202.37,20209.09,20216.57,30335.56,116166.67,116902.86,736.19,-2699.363333,-34.72,8924.064286,6189.980952
8,Mango,Monocrop,Nicaragua,26746.64,20175.36,20183.37,20191.96,30300.23,116902.87,117597.57,694.7,-2547.233333,-30.24,9906.835714,7329.362381
9,Mango,Monocrop,Nicaragua,27535.19,20148.62,20157.94,20167.63,30265.26,117597.58,118274.65,677.07,-2482.59,-25.76,10693.88571,8185.535714
10,Mango,Monocrop,Nicaragua,28320.18,20122.12,20132.79,20143.54,30230.66,118274.66,118949.3,674.64,-2473.68,-21.65333333,11505.92143,9010.588095
11,Mango,Monocrop,Nicaragua,29096.28,20095.88,20107.9,20119.7,30196.39,118949.3,119616.16,666.85,-2445.116667,-18.66666667,12272.15,9808.366667
12,Mango,Monocrop,Nicaragua,29838.82,20069.88,20083.27,20096.1,30162.45,119616.15,120250.52,634.37,-2326.023333,-17.92,12322.12143,9978.178095
13,Mango,Monocrop,Nicaragua,30545.58,20044.11,20058.88,20072.73,30128.84,120250.52,120850.14,599.63,-2198.643333,-17.92,12284.64286,10068.07952
14,Mango,Monocrop,Nicaragua,31225.88,20018.62,20034.73,20049.59,30095.52,120850.15,121424.34,574.2,-2105.4,-17.92,12334.61429,10211.29429
15,Mango,Monocrop,Nicaragua,31884.05,19993.38,20010.82,20026.66,30062.5,121424.34,121977.42,553.09,-2027.996667,-17.92,12392.91429,10346.99762
16,Mango,Monocrop,Nicaragua,32526.28,19968.38,19987.13,20003.93,30029.77,121977.41,122515.48,538.08,-1972.96,-17.92,12467.87143,10476.99143
17,Mango,Monocrop,Nicaragua,33154.38,19943.6,19963.65,19981.39,29997.31,122515.47,123040.33,524.86,-1924.486667,-17.92,12567.81429,10625.40762
18,Mango,Monocrop,Nicaragua,33772.86,19919.04,19940.37,19959.04,29965.13,123040.31,123556.42,516.11,-1892.403333,-18.29333333,12676.08571,10765.38905
19,Mango,Monocrop,Nicaragua,34381.83,19894.69,19917.27,19936.86,29933.2,123556.41,124063.85,507.44,-1860.613333,-18.29333333,12746.87857,10867.9719
20,Mango,Monocrop,Nicaragua,34984.67,19870.54,19894.35,19914.87,29901.52,124063.87,124565.96,502.09,-1840.996667,-18.29333333,12821.83571,10962.54571